Rank,Name,Team,ByeWeek,Position,PositionRank,AverageDraftPositionPPR,Status
1,Jonathan Taylor,IND,14,RB,RB1,1.4,ACT
2,Christian McCaffrey,CAR,13,RB,RB2,2.4,ACT
3,Austin Ekeler,LAC,8,RB,RB3,2.7,ACT
4,Derrick Henry,TEN,6,RB,RB4,4.2,ACT
5,Justin Jefferson,MIN,7,WR,WR1,4.9,ACT
6,Cooper Kupp,LAR,7,WR,WR2,5.8,ACT
7,Najee Harris,PIT,9,RB,RB5,7.0,ACT
8,Dalvin Cook,MIN,7,RB,RB6,7.2,ACT
9,Ja'Marr Chase,CIN,10,WR,WR3,8.8,ACT
10,Joe Mixon,CIN,10,RB,RB7,10.0,ACT
11,Alvin Kamara,NO,14,RB,RB8,10.6,ACT
12,Davante Adams,LV,6,WR,WR4,12.4,ACT
13,D'Andre Swift,DET,6,RB,RB9,13.1,ACT
14,Stefon Diggs,BUF,7,WR,WR5,14.0,ACT
15,Aaron Jones,GB,14,RB,RB10,15.3,ACT
16,Saquon Barkley,NYG,9,RB,RB11,16.0,ACT
17,Travis Kelce,KC,8,TE,TE1,16.6,ACT
18,CeeDee Lamb,DAL,9,WR,WR6,17.9,ACT
19,Nick Chubb,CLE,9,RB,RB12,18.5,ACT
20,Josh Allen,BUF,7,QB,QB1,19.1,ACT
21,Deebo Samuel,SF,9,WR,WR7,19.6,ACT
22,Javonte Williams,DEN,9,RB,RB13,19.8,ACT
23,Leonard Fournette,TB,11,RB,RB14,21.8,ACT
24,Tyreek Hill,MIA,11,WR,WR8,22.7,ACT
25,Michael Pittman,IND,14,WR,WR9,24.7,ACT
26,Mark Andrews,BAL,10,TE,TE2,25.9,ACT
27,Mike Evans,TB,11,WR,WR10,26.1,ACT
28,Ezekiel Elliott,DAL,9,RB,RB15,27.3,ACT
29,James Conner,ARI,13,RB,RB16,27.9,ACT
30,Keenan Allen,LAC,8,WR,WR11,29.3,ACT
31,AJ Brown,PHI,7,WR,WR12,30.5,ACT
32,Kyle Pitts,ATL,14,TE,TE3,31.6,ACT
33,Tee Higgins,CIN,10,WR,WR13,32.4,ACT
34,Justin Herbert,LAC,8,QB,QB2,33.2,ACT
34,Cam Akers,LAR,7,RB,RB17,33.2,ACT
36,Travis Etienne,JAX,11,RB,RB18,34.1,ACT
37,DJ Moore,CAR,13,WR,WR14,36.1,ACT
38,Terry McLaurin,WAS,14,WR,WR15,38.0,ACT
39,Patrick Mahomes,KC,8,QB,QB3,39.1,ACT
40,David Montgomery,CHI,14,RB,RB19,39.3,ACT
41,JK Dobbins,BAL,10,RB,RB20,39.4,INA
42,Mike Williams,LAC,8,WR,WR16,39.7,ACT
43,Elijah Mitchell,SF,9,RB,RB21,42.3,ACT
44,George Kittle,SF,9,TE,TE4,43.2,INA
45,Diontae Johnson,PIT,9,WR,WR17,43.5,ACT
46,Breece Hall,NYJ,10,RB,RB22,44.2,ACT
47,Courtland Sutton,DEN,9,WR,WR18,45.1,ACT
48,Jaylen Waddle,MIA,11,WR,WR19,46.5,ACT
49,Joe Burrow,CIN,10,QB,QB4,46.8,ACT
50,Josh Jacobs,LV,6,RB,RB23,47.3,ACT
51,AJ Dillon,GB,14,RB,RB24,48.4,ACT
52,Darren Waller,LV,6,TE,TE5,50.2,ACT
53,DK Metcalf,SEA,11,WR,WR20,50.9,ACT
54,Lamar Jackson,BAL,10,QB,QB5,51.5,ACT
55,Michael Thomas,NO,14,WR,WR21,52.2,ACT
56,Allen Robinson,LAR,7,WR,WR22,53.9,ACT
57,Clyde Edwards-Helaire,KC,8,RB,RB25,54.1,ACT
58,Jalen Hurts,PHI,7,QB,QB6,56.0,ACT
59,Chris Godwin,TB,11,WR,WR23,56.7,ACT
60,Brandin Cooks,HOU,6,WR,WR24,57.9,ACT
61,Damien Harris,NE,10,RB,RB26,59.4,ACT
62,Jerry Jeudy,DEN,9,WR,WR25,61.2,ACT
63,Miles Sanders,PHI,7,RB,RB27,61.5,ACT
64,Kyler Murray,ARI,13,QB,QB7,62.1,ACT
65,Dalton Schultz,DAL,9,TE,TE6,62.9,ACT
66,Rashaad Penny,SEA,11,RB,RB28,63.0,ACT
67,Gabe Davis,BUF,7,WR,WR26,63.8,ACT
68,Adam Thielen,MIN,7,WR,WR27,63.9,ACT
69,Marquise Brown,ARI,13,WR,WR28,68.0,ACT
70,Darnell Mooney,CHI,14,WR,WR29,68.1,ACT
71,Kareem Hunt,CLE,9,RB,RB29,69.2,ACT
72,Tony Pollard,DAL,9,RB,RB30,69.9,ACT
73,Chase Edmonds,MIA,11,RB,RB31,70.1,ACT
74,Dameon Pierce,HOU,6,RB,RB32,71.0,ACT
75,Hunter Renfrow,LV,6,WR,WR30,71.4,ACT
76,Devin Singletary,BUF,7,RB,RB33,71.7,ACT
77,Russell Wilson,DEN,9,QB,QB8,72.0,ACT
78,Amon-Ra St Brown,DET,6,WR,WR31,72.9,ACT
79,Dallas Goedert,PHI,7,TE,TE7,75.3,ACT
80,JuJu Smith-Schuster,KC,8,WR,WR32,75.4,ACT
81,Rhamondre Stevenson,NE,10,RB,RB34,77.1,ACT
82,Aaron Rodgers,GB,14,QB,QB9,77.9,ACT
83,Rashod Bateman,BAL,10,WR,WR33,82.3,ACT
84,Amari Cooper,CLE,9,WR,WR34,83.8,ACT
85,Melvin Gordon,DEN,9,RB,RB35,84.4,ACT
86,Dak Prescott,DAL,9,QB,QB10,84.8,ACT
87,DeVonta Smith,PHI,7,WR,WR35,85.0,ACT
88,Tom Brady,TB,11,QB,QB11,86.7,ACT
89,Elijah Moore,NYJ,10,WR,WR36,87.9,ACT
90,Zach Ertz,ARI,13,TE,TE8,89.5,ACT
91,Brandon Aiyuk,SF,9,WR,WR37,90.2,ACT
91,DeAndre Hopkins,ARI,13,WR,WR38,90.2,RES
93,Allen Lazard,GB,14,WR,WR39,90.7,INA
94,James Cook,BUF,7,RB,RB36,91.3,ACT
95,Matthew Stafford,LAR,7,QB,QB12,91.7,ACT
96,Cordarrelle Patterson,ATL,14,RB,RB37,91.8,ACT
97,Nyheim Hines,IND,14,RB,RB38,94.4,ACT
98,Kenneth Walker,SEA,11,RB,RB39,95.9,INA
99,Christian Kirk,JAX,11,WR,WR40,96.2,ACT
100,James Robinson,JAX,11,RB,RB40,98.5,ACT
101,Pat Freiermuth,PIT,9,TE,TE9,98.7,ACT
102,Trey Lance,SF,9,QB,QB13,99.1,ACT
103,Raheem Mostert,MIA,11,RB,RB41,101.9,ACT
104,Derek Carr,LV,6,QB,QB14,102.6,ACT
105,Robert Woods,TEN,6,WR,WR41,102.7,ACT
106,Drake London,ATL,14,WR,WR42,103.6,ACT
107,Cole Kmet,CHI,14,TE,TE10,103.7,ACT
108,Kadarius Toney,NYG,9,WR,WR43,105.4,ACT
109,Kenneth Gainwell,PHI,7,RB,RB42,106.5,ACT
110,Tyler Allgeier,ATL,14,RB,RB43,106.7,INA
111,Kirk Cousins,MIN,7,QB,QB15,107.8,ACT
112,JD McKissic,WAS,14,RB,RB44,108.6,ACT
113,Chris Olave,NO,14,WR,WR44,109.7,ACT
114,Brian Robinson,WAS,14,RB,RB45,109.9,RES
115,Tyler Lockett,SEA,11,WR,WR45,110.6,ACT
116,Michael Carter,NYJ,10,RB,RB46,111.6,ACT
117,Mike Gesicki,MIA,11,TE,TE11,113.1,ACT
118,Darrell Henderson,LAR,7,RB,RB47,113.6,ACT
119,Dawson Knox,BUF,7,TE,TE12,113.9,ACT
120,Antonio Gibson,WAS,14,RB,RB48,114.9,ACT
121,Buffalo Bills,BUF,7,DST,DST1,117.3,ACT
122,Skyy Moore,KC,8,WR,WR46,117.7,ACT
123,Isiah Pacheco,KC,8,RB,RB49,118.5,ACT
124,Michael Gallup,DAL,9,WR,WR47,119.0,INA
125,TJ Hockenson,DET,6,TE,TE13,119.6,ACT
126,Jamaal Williams,DET,6,RB,RB50,120.5,ACT
127,Julio Jones,TB,11,WR,WR48,121.0,ACT
128,Tua Tagovailoa,MIA,11,QB,QB16,121.2,ACT
129,Tyler Boyd,CIN,10,WR,WR49,121.3,ACT
130,Rachaad White,TB,11,RB,RB51,122.7,ACT
131,George Pickens,PIT,9,WR,WR50,124.2,ACT
132,Chuba Hubbard,CAR,13,RB,RB52,125.0,ACT
133,Alexander Mattison,MIN,7,RB,RB53,128.9,ACT
134,Los Angeles Rams,LAR,7,DST,DST2,129.8,ACT
135,Marquez Valdes-Scantling,KC,8,WR,WR51,130.2,ACT
135,Zamir White,LV,6,RB,RB54,130.2,ACT
137,Treylon Burks,TEN,6,WR,WR52,130.3,ACT
138,New York Jets,NYJ,10,DST,DST3,130.8,ACT
139,Chase Claypool,PIT,9,WR,WR53,131.2,ACT
140,Matt Ryan,IND,14,QB,QB17,132.0,ACT
141,DeVante Parker,NE,10,WR,WR54,135.1,ACT
142,Justin Tucker,BAL,10,K,K1,135.9,ACT
143,Hunter Henry,NE,10,TE,TE14,136.1,ACT
144,Romeo Doubs,GB,14,WR,WR55,136.3,ACT
145,Daniel Carlson,LV,6,K,K2,137.9,ACT
146,Tampa Bay Buccaneers,TB,11,DST,DST4,138.9,ACT
147,Harrison Butker,KC,8,K,K3,140.1,ACT
148,San Francisco 49ers,SF,9,DST,DST5,140.9,ACT
149,Justin Fields,CHI,14,QB,QB18,141.8,ACT
150,Trevor Lawrence,JAX,11,QB,QB19,142.7,ACT
151,Green Bay Packers,GB,14,DST,DST6,143.8,ACT
152,Rondale Moore,ARI,13,WR,WR56,144.8,INA
153,Robert Tonyan,GB,14,TE,TE15,145.3,ACT
154,Tyler Bass,BUF,7,K,K4,145.4,ACT
155,Los Angeles Chargers,LAC,8,DST,DST7,145.7,ACT
156,Pittsburgh Steelers,PIT,9,DST,DST8,147.0,ACT
156,Irv Smith,MIN,7,TE,TE16,147.0,ACT
158,Jameis Winston,NO,14,QB,QB20,148.1,ACT
159,Indianapolis Colts,IND,14,DST,DST9,148.4,ACT
160,Detroit Lions,DET,6,DST,DST10,148.9,ACT
161,D'Onta Foreman,CAR,13,RB,RB55,149.0,ACT
162,Jakobi Meyers,NE,10,WR,WR57,149.4,ACT
163,Kansas City Chiefs,KC,8,DST,DST11,151.3,ACT
164,Jahan Dotson,WAS,14,WR,WR58,151.4,ACT
165,Younghoe Koo,ATL,14,K,K5,152.1,ACT
166,David Njoku,CLE,9,TE,TE17,152.5,ACT
167,Isaiah McKenzie,BUF,7,WR,WR59,152.6,ACT
168,Garrett Wilson,NYJ,10,WR,WR60,153.8,ACT
169,Albert Okwuegbunam,DEN,9,TE,TE18,154.9,ACT
170,Brandon McManus,DEN,9,K,K6,155.6,ACT
171,Russell Gage,TB,11,WR,WR61,155.7,ACT
172,Minnesota Vikings,MIN,7,DST,DST12,156.7,ACT
173,Dustin Hopkins,LAC,8,K,K7,156.8,ACT
173,New Orleans Saints,NO,14,DST,DST13,156.8,ACT
175,Nico Collins,HOU,6,WR,WR62,158.0,ACT
176,Baltimore Ravens,BAL,10,DST,DST14,158.5,ACT
177,Matt Gay,LAR,7,K,K8,158.8,ACT
178,Miami Dolphins,MIA,11,DST,DST15,158.9,ACT
179,Chicago Bears,CHI,14,DST,DST16,159.4,ACT
180,Rodrigo Blankenship,IND,14,K,K9,160.1,ACT
181,Washington Commanders,WAS,14,DST,DST17,160.5,ACT
182,Philadelphia Eagles,PHI,7,DST,DST18,160.7,ACT
183,Dallas Cowboys,DAL,9,DST,DST19,161.0,ACT
184,Denver Broncos,DEN,9,DST,DST20,161.5,ACT
185,Marvin Jones,JAX,11,WR,WR63,162.0,ACT
186,Kenny Golladay,NYG,9,WR,WR64,163.0,ACT
187,Carolina Panthers,CAR,13,DST,DST21,163.5,ACT
188,DJ Chark,DET,6,WR,WR65,164.0,ACT
189,New England Patriots,NE,10,DST,DST22,164.6,ACT
189,Tennessee Titans,TEN,6,DST,DST23,164.6,ACT
191,Jarvis Landry,NO,14,WR,WR66,165.0,ACT
192,Cincinnati Bengals,CIN,10,DST,DST24,165.2,ACT
193,Arizona Cardinals,ARI,13,DST,DST25,165.6,ACT
194,Robbie Chosen,CAR,13,WR,WR67,166.0,NA
195,KJ Osborn,MIN,7,WR,WR68,167.0,ACT
196,Mecole Hardman,KC,8,WR,WR69,168.0,ACT
197,Jalen Tolbert,DAL,9,WR,WR70,169.0,INA
198,Cleveland Browns,CLE,9,DST,DST26,169.5,ACT
199,Joshua Palmer,LAC,8,WR,WR71,170.0,NA
200,Corey Davis,NYJ,10,WR,WR72,171.0,ACT
201,Sterling Shepard,NYG,9,WR,WR73,172.0,ACT
202,Donovan Peoples-Jones,CLE,9,WR,WR74,173.0,ACT
203,Van Jefferson,LAR,7,WR,WR75,174.0,INA
204,KJ Hamler,DEN,9,WR,WR76,175.0,ACT
205,Wan'Dale Robinson,NYG,9,WR,WR77,176.0,ACT
206,Alec Pierce,IND,14,WR,WR78,177.0,ACT
207,Seattle Seahawks,SEA,11,DST,DST27,178.0,ACT
207,Curtis Samuel,WAS,14,WR,WR79,178.0,ACT
209,Zay Jones,JAX,11,WR,WR80,179.0,ACT
210,New York Giants,NYG,9,DST,DST28,180.0,ACT
210,Cedrick Wilson,MIA,11,WR,WR81,180.0,ACT
212,Nick Westbrook-Ikhine,TEN,6,WR,WR82,181.0,ACT
213,Parris Campbell,IND,14,WR,WR83,182.0,ACT
214,Khalil Herbert,CHI,14,RB,RB56,183.0,ACT
215,Kendrick Bourne,NE,10,WR,WR84,184.0,ACT
216,Randall Cobb,GB,14,WR,WR85,185.0,ACT
217,Devin Duvernay,BAL,10,WR,WR86,186.0,ACT
218,Atlanta Falcons,ATL,14,DST,DST29,187.0,ACT
218,Bryan Edwards,ATL,14,WR,WR87,187.0,ACT
220,Markngram,NO,14,RB,RB57,188.0,ACT
221,Christian Watson,GB,14,WR,WR88,189.0,ACT
222,Las Vegas Raiders,LV,6,DST,DST30,190.0,ACT
222,Jamison Crowder,BUF,7,WR,WR89,190.0,ACT
224,Braxton Berrios,NYJ,10,WR,WR90,191.0,ACT
225,Jacksonville Jaguars,JAX,11,DST,DST31,192.0,ACT
225,AJ Green,ARI,13,WR,WR91,192.0,ACT
227,Houston Texans,HOU,6,DST,DST32,193.0,ACT
227,Rex Burkhead,HOU,6,RB,RB58,193.0,ACT
229,David Bell,CLE,9,WR,WR92,194.0,ACT
230,Sammy Watkins,GB,14,WR,WR93,195.0,ACT
231,Jameson Williams,DET,6,WR,WR94,196.0,RES
232,Byron Pringle,CHI,14,WR,WR95,197.0,ACT
233,Laviska Shenault,CAR,13,WR,WR96,198.0,INA
234,Nelson Agholor,NE,10,WR,WR97,199.0,ACT
235,Quez Watkins,PHI,7,WR,WR98,200.0,ACT
236,Olamide Zaccheaus,ATL,14,WR,WR99,201.0,ACT
237,Damien Williams,ATL,14,RB,RB59,202.0,ACT
238,Samaje Perine,CIN,10,RB,RB60,203.0,ACT
239,Velus Jones,CHI,14,WR,WR100,204.0,INA
240,James Proche,BAL,10,WR,WR101,205.0,ACT
241,Terrace Marshall,CAR,13,WR,WR102,206.0,ACT
242,Jauan Jennings,SF,9,WR,WR103,207.0,ACT
243,Darrel Williams,ARI,13,RB,RB61,208.0,ACT
244,Dontrell Hilliard,TEN,6,RB,RB62,209.0,ACT
245,Jerick McKinnon,KC,8,RB,RB63,210.0,ACT
246,Freddie Swain,MIA,11,WR,WR104,211.0,DEV
247,Phillip Dorsett,HOU,6,WR,WR105,212.0,ACT
248,Isaiah Spiller,LAC,8,RB,RB64,213.0,INA
249,Ameer Abdullah,LV,6,RB,RB65,214.0,ACT
250,Ryan Tannehill,TEN,6,QB,QB21,215.0,ACT
251,Boston Scott,PHI,7,RB,RB66,216.0,ACT
252,Chris Conley,HOU,6,WR,WR106,217.0,ACT
253,Jalen Guyton,LAC,8,WR,WR107,218.0,ACT
254,Dee Eskridge,SEA,11,WR,WR108,219.0,NA
255,Daniel Jones,NYG,9,QB,QB22,220.0,ACT
256,Marquez Callaway,NO,14,WR,WR109,221.0,ACT
257,Mac Jones,NE,10,QB,QB23,222.0,ACT
258,Darius Slayton,NYG,9,WR,WR110,223.0,INA
259,Eno Benjamin,ARI,13,RB,RB67,224.0,ACT
260,Carson Wentz,WAS,14,QB,QB24,225.0,ACT
261,Kenyan Drake,BAL,10,RB,RB68,226.0,ACT
262,Jared Goff,DET,6,QB,QB25,227.0,ACT
263,Mack Hollins,LV,6,WR,WR111,228.0,ACT
264,Gus Edwards,BAL,10,RB,RB69,229.0,RES
265,Sony Michel,LAC,8,RB,RB70,230.0,ACT
266,Noah Brown,DAL,9,WR,WR112,231.0,ACT
267,Baker Mayfield,CAR,13,QB,QB26,232.0,ACT
268,Jeff Wilson,SF,9,RB,RB71,233.0,ACT
269,Matt Breida,NYG,9,RB,RB72,234.0,ACT
270,Zach Wilson,NYJ,10,QB,QB27,235.0,INA
271,Rashard Higgins,CAR,13,WR,WR113,236.0,ACT
272,Chris Moore,HOU,6,WR,WR114,237.0,ACT
273,Laquon Treadwell,NE,10,WR,WR115,238.0,DEV
274,Davis Mills,HOU,6,QB,QB28,239.0,ACT
275,Phillip Lindsay,IND,14,RB,RB73,240.0,DEV
276,Mike Davis,BAL,10,RB,RB74,241.0,ACT
277,Chris Evans,CIN,10,RB,RB75,242.0,ACT
278,Anthony Schwartz,CLE,9,WR,WR116,243.0,ACT
279,Josh Reynolds,DET,6,WR,WR117,244.0,ACT
280,Marcus Mariota,ATL,14,QB,QB29,245.0,ACT
281,Deonte Harty,NO,14,WR,WR118,246.0,ACT
282,Kyle Philips,TEN,6,WR,WR119,247.0,ACT
283,Ronald Jones,KC,8,RB,RB76,248.0,INA
284,Hassan Haskins,TEN,6,RB,RB77,249.0,ACT
285,Amari Rodgers,GB,14,WR,WR120,250.0,ACT
286,Travis Homer,SEA,11,RB,RB78,251.0,ACT
288,Demarcus Robinson,BAL,10,WR,WR121,253.0,ACT
289,Brandon Bolden,LV,6,RB,RB80,254.0,ACT
290,Geno Smith,SEA,11,QB,QB30,255.0,ACT
291,Craig Reynolds,DET,6,RB,RB81,256.0,ACT
292,Zack Moss,BUF,7,RB,RB82,257.0,ACT
293,Quintez Cephus,DET,6,WR,WR122,258.0,ACT
294,Mitchell Trubisky,PIT,9,QB,QB31,259.0,ACT
295,Kalif Raymond,DET,6,WR,WR123,260.0,ACT
296,Equanimeous St Brown,CHI,14,WR,WR124,261.0,ACT
297,Ben Skowronek,LAR,7,WR,WR125,262.0,ACT
298,Kyren Williams,LAR,7,RB,RB83,263.0,ACT
299,Ke'Shawn Vaughn,TB,11,RB,RB84,264.0,INA
300,Jamal Agnew,JAX,11,WR,WR126,265.0,ACT
301,Jacoby Brissett,CLE,9,QB,QB32,266.0,ACT
302,D'Ernest Johnson,CLE,9,RB,RB85,267.0,INA
303,Justin Watson,KC,8,WR,WR127,268.0,ACT
304,Dez Fitzpatrick,TEN,6,WR,WR128,269.0,DEV
305,Tyrion Davis-Price,SF,9,RB,RB86,270.0,INA
306,Demetric Felton,CLE,9,RB,RB87,271.0,ACT
307,Tutu Atwell,LAR,7,WR,WR129,272.0,ACT
308,Myles Gaskin,MIA,11,RB,RB88,273.0,ACT
309,Justin Jackson,DET,6,RB,RB89,274.0,ACT
310,KhaDarel Hodge,ATL,14,WR,WR130,275.0,ACT
311,Tyler Johnson,HOU,6,WR,WR131,276.0,INA
312,Khalil Shakir,BUF,7,WR,WR132,277.0,INA
313,Zach Pascal,PHI,7,WR,WR133,278.0,ACT
314,Ray-Ray McCloud,SF,9,WR,WR134,279.0,ACT
315,Joshua Kelley,LAC,8,RB,RB90,280.0,ACT
316,Pierre Strong,NE,10,RB,RB91,281.0,INA
317,Keke Coutee,IND,14,WR,WR135,282.0,DEV
318,Jaylen Warren,PIT,9,RB,RB92,283.0,ACT
319,Preston Williams,CAR,13,WR,WR136,284.0,DEV
320,Tyler Goodson,GB,14,RB,RB93,285.0,DEV
321,Trey Sermon,PHI,7,RB,RB94,286.0,INA
322,Dare Ogunbowale,HOU,6,RB,RB95,287.0,ACT
323,Giovani Bernard,TB,11,RB,RB96,288.0,ACT
325,Ty Montgomery,NE,10,WR,WR137,290.0,ACT
326,Benny Snell,PIT,9,RB,RB98,291.0,ACT
327,Dyami Brown,WAS,14,WR,WR138,292.0,ACT
328,Ashton Dulin,IND,14,WR,WR139,293.0,ACT
329,Keaontayngram,ARI,13,RB,RB99,294.0,INA
330,Trestan Ebner,CHI,14,RB,RB100,295.0,ACT
331,Duke Johnson,BUF,7,RB,RB101,296.0,DEV
332,Deshaun Watson,CLE,9,QB,QB33,297.0,RES
333,Montrell Washington,DEN,9,WR,WR140,298.0,ACT
334,JJ Taylor,NE,10,RB,RB102,299.0,DEV
335,Trent Sherfield,MIA,11,WR,WR141,300.0,ACT
336,Simi Fehoko,DAL,9,WR,WR142,301.0,ACT
337,Kylin Hill,GB,14,RB,RB103,302.0,RES
338,Jalen Reagor,MIN,7,WR,WR143,303.0,ACT
339,Marquise Goodwin,SEA,11,WR,WR144,304.0,ACT
340,Tyler Higbee,LAR,7,TE,TE19,305.0,ACT
341,Tony Jones,NO,14,RB,RB104,306.0,ACT
342,Noah Fant,SEA,11,TE,TE20,307.0,ACT
343,Ty Johnson,NYJ,10,RB,RB105,308.0,ACT
344,Kenny Pickett,PIT,9,QB,QB34,309.0,ACT
345,Gerald Everett,LAC,8,TE,TE21,310.0,ACT
346,Danny Gray,SF,9,WR,WR145,311.0,INA
347,Evan Engram,JAX,11,TE,TE22,312.0,ACT
348,Breshad Perriman,TB,11,WR,WR146,313.0,ACT
349,Tylan Wallace,BAL,10,WR,WR147,314.0,ACT
350,Gary Brightwell,NYG,9,RB,RB106,315.0,ACT
351,Austin Hooper,TEN,6,TE,TE23,316.0,ACT
352,Tre'Quan Smith,NO,14,WR,WR148,317.0,INA
354,Lynn Bowden,NE,10,WR,WR149,319.0,DEV
355,JaMycal Hasty,JAX,11,RB,RB108,320.0,NA
356,DeeJay Dallas,SEA,11,RB,RB109,321.0,ACT
357,Denzel Mims,NYJ,10,WR,WR150,322.0,INA
358,Kene Nwangwu,MIN,7,RB,RB110,323.0,ACT
359,Snoop Conner,JAX,11,RB,RB111,324.0,INA
360,Royce Freeman,HOU,6,RB,RB112,325.0,CUT
361,Cam Sims,WAS,14,WR,WR151,326.0,ACT
362,Jermar Jefferson,DET,6,RB,RB113,327.0,DEV
363,Damiere Byrd,ATL,14,WR,WR152,328.0,INA
364,Hayden Hurst,CIN,10,TE,TE24,329.0,ACT
365,Kevin Harris,NE,10,RB,RB114,330.0,DEV
367,Justice Hill,BAL,10,RB,RB116,332.0,ACT
368,Tyrie Cleveland,DEN,9,WR,WR153,333.0,ACT
369,Auden Tate,PHI,7,WR,WR154,334.0,DEV
370,Deon Jackson,IND,14,RB,RB117,335.0,ACT
371,Tyler Badie,BAL,10,RB,RB118,336.0,DEV
372,Logan Thomas,WAS,14,TE,TE25,337.0,ACT
373,Shi Smith,CAR,13,WR,WR155,338.0,ACT
374,Brevin Jordan,HOU,6,TE,TE26,339.0,ACT
375,Qadree Ollison,DAL,9,RB,RB119,340.0,DEV
376,Tyron Billy-Johnson,LV,6,WR,WR156,341.0,NA
377,Bo Melton,SEA,11,WR,WR157,342.0,DEV
378,Kendall Hinton,DEN,9,WR,WR158,343.0,DEV
379,Anthony McFarland,PIT,9,RB,RB120,344.0,DEV
380,Erik Ezukanma,MIA,11,WR,WR159,345.0,INA
381,Mo Alie-Cox,IND,14,TE,TE27,346.0,ACT
382,Ihmir Smith-Marsette,CHI,14,WR,WR160,347.0,ACT
383,Jonathan Williams,WAS,14,RB,RB121,348.0,ACT
384,Jordan Mason,SF,9,RB,RB122,349.0,ACT
385,Jalen Nailor,MIN,7,WR,WR161,350.0,ACT
386,Cornell Powell,KC,8,WR,WR162,351.0,DEV
387,Cody Hollister,TEN,6,WR,WR163,352.0,ACT
388,Jaret Patterson,WAS,14,RB,RB123,353.0,DEV
389,Dezmon Patmon,IND,14,WR,WR164,354.0,INA
391,Cameron Brate,TB,11,TE,TE28,356.0,ACT
392,Rico Dowdle,DAL,9,RB,RB125,357.0,ACT
393,Patrick Taylor,GB,14,RB,RB126,358.0,DEV
394,Dwayne Washington,NO,14,RB,RB127,359.0,INA
395,Scotty Miller,TB,11,WR,WR165,360.0,NA
396,Jake Funk,LAR,7,RB,RB128,361.0,ACT
398,Tyler Conklin,NYJ,10,TE,TE29,363.0,ACT
399,Mike Boone,DEN,9,RB,RB130,364.0,ACT
400,Isaiah Likely,BAL,10,TE,TE30,365.0,ACT
401,DeAndre Carter,LAC,8,WR,WR166,366.0,ACT
402,Seth Williams,JAX,11,WR,WR167,367.0,DEV
403,Jerome Ford,CLE,9,RB,RB131,368.0,ACT
404,Miles Boykin,PIT,9,WR,WR168,369.0,ACT
405,Julius Chestnut,TEN,6,RB,RB132,370.0,INA
406,Darrynton Evans,CHI,14,RB,RB133,371.0,DEV
407,Trenton Cannon,TEN,6,RB,RB134,372.0,ACT
408,Juwann Winfree,GB,14,WR,WR169,373.0,ACT
409,Daniel Bellinger,NYG,9,TE,TE31,374.0,ACT
410,Penny Hart,SEA,11,WR,WR170,375.0,ACT
411,Dante Pettis,CHI,14,WR,WR171,376.0,ACT
412,Antonio Williams,NYG,9,RB,RB135,377.0,INA
413,Salvon Ahmed,MIA,11,RB,RB136,378.0,INA
414,Harrison Bryant,CLE,9,TE,TE32,379.0,ACT
416,Mike Thomas,CIN,10,WR,WR172,381.0,ACT
417,Jonnu Smith,NE,10,TE,TE33,382.0,ACT
418,CJ Uzomah,NYJ,10,TE,TE34,383.0,ACT
419,DJ Turner,LV,6,WR,WR173,384.0,ACT
420,Darwin Thompson,SEA,11,RB,RB138,385.0,DEV
421,Kyle Rudolph,TB,11,TE,TE35,386.0,INA
422,Taysom Hill,NO,14,QB,QB35,387.0,ACT
423,Andysabella,ARI,13,WR,WR174,388.0,ACT
424,Greg Dortch,ARI,13,WR,WR175,389.0,ACT
425,KaVontae Turpin,DAL,9,WR,WR176,390.0,NA
426,Jeff Smith,NYJ,10,WR,WR177,391.0,ACT
427,Tommy Tremble,CAR,13,TE,TE36,392.0,ACT
428,Nsimba Webster,CHI,14,WR,WR178,393.0,DEV
429,Drew Lock,SEA,11,QB,QB36,394.0,ACT
430,Dan Arnold,JAX,11,TE,TE37,395.0,ACT
431,Stanley Morgan,CIN,10,WR,WR179,396.0,ACT
432,Desmond Ridder,ATL,14,QB,QB37,397.0,ACT
433,Trent Taylor,CIN,10,WR,WR180,398.0,ACT
434,Foster Moreau,LV,6,TE,TE38,399.0,ACT
435,Samori Toure,GB,14,WR,WR181,400.0,INA
436,Mike Strachan,IND,14,WR,WR182,401.0,ACT
437,Trey McBride,ARI,13,TE,TE39,402.0,INA
438,Adam Trautman,NO,14,TE,TE40,403.0,ACT
439,Donald Parham,LAC,8,TE,TE41,404.0,INA
440,Jordan Akins,HOU,6,TE,TE42,405.0,DEV
441,Michael Woods,CLE,9,WR,WR183,406.0,NA
442,Jelani Woods,IND,14,TE,TE43,407.0,ACT
443,Geoff Swaim,TEN,6,TE,TE44,408.0,ACT
445,Trayveon Williams,CIN,10,RB,RB140,410.0,INA
446,David Sills,NYG,9,WR,WR184,411.0,ACT
447,Ty Chandler,MIN,7,RB,RB141,412.0,INA
448,Larry Rountree,LAC,8,RB,RB142,413.0,DEV
449,Will Dissly,SEA,11,TE,TE45,414.0,ACT
450,Josh Gordon,TEN,6,WR,WR185,415.0,DEV
451,Richie James,NYG,9,WR,WR186,416.0,ACT
452,Pharaoh Brown,HOU,6,TE,TE46,417.0,ACT
453,OJ Howard,HOU,6,TE,TE47,418.0,ACT
454,Dareke Young,SEA,11,WR,WR187,419.0,ACT
455,Durham Smythe,MIA,11,TE,TE48,420.0,ACT
456,Ian Thomas,CAR,13,TE,TE49,421.0,ACT
458,John Bates,WAS,14,TE,TE50,423.0,ACT
460,Brock Wright,DET,6,TE,TE51,425.0,ACT
461,Maxx Williams,ARI,13,TE,TE52,426.0,ACT
462,Ryan Griffin,CHI,14,TE,TE53,427.0,DEV
462,Ryan Griffin,CHI,14,TE,TE53,427.0,ACT
463,Jason Moore,LAC,8,WR,WR188,428.0,DEV
464,Anthony Firkser,ATL,14,TE,TE54,429.0,ACT
465,Cade Otton,TB,11,TE,TE55,430.0,ACT
466,Kendall Blanton,KC,8,TE,TE56,431.0,DEV
467,Dennis Houston,DAL,9,WR,WR189,432.0,ACT
468,Travis Fulgham,GB,14,WR,WR190,433.0,DEV
470,Jimmy Garoppolo,SF,9,QB,QB38,435.0,ACT
471,Josiah Deguara,GB,14,TE,TE57,436.0,ACT
472,Trentonrwin,CIN,10,WR,WR191,437.0,DEV
473,Marcedes Lewis,GB,14,TE,TE58,438.0,ACT
474,Kylen Granson,IND,14,TE,TE59,439.0,ACT
475,Jalen Virgil,DEN,9,WR,WR192,440.0,INA
476,Parker Hesse,ATL,14,TE,TE60,441.0,ACT
477,Drew Sample,CIN,10,TE,TE61,442.0,ACT
478,Tommy Sweeney,BUF,7,TE,TE62,443.0,ACT
479,Evan McPherson,CIN,10,K,K10,444.0,ACT
481,Ryan Succop,TB,11,K,K11,446.0,ACT
483,Malik Turner,SF,9,WR,WR193,448.0,ACT
484,Brittain Brown,LV,6,RB,RB148,449.0,INA
485,Jake Ferguson,DAL,9,TE,TE63,450.0,ACT
486,Lil'Jordan Humphrey,NE,10,WR,WR194,451.0,ACT
487,Matt Prater,ARI,13,K,K12,452.0,ACT
488,Zach Davidson,BUF,7,TE,TE64,453.0,DEV
489,Nick Folk,NE,10,K,K13,454.0,ACT
490,Jake Elliott,PHI,7,K,K14,455.0,ACT
491,Joe Flacco,NYJ,10,QB,QB39,456.0,ACT
492,Greg Joseph,MIN,7,K,K15,457.0,ACT
493,Randy Bullock,TEN,6,K,K16,458.0,ACT
494,Isaiah Coulter,CHI,14,WR,WR195,459.0,DEV
495,Brett Maher,DAL,9,K,K17,460.0,ACT
496,Joe Reed,LAC,8,WR,WR196,461.0,DEV
497,Robbie Gould,SF,9,K,K18,462.0,ACT
498,Jason Sanders,MIA,11,K,K19,463.0,ACT
499,Mason Crosby,GB,14,K,K20,464.0,ACT
500,Cameron Batson,ATL,14,WR,WR197,465.0,DEV
501,Zonovan Knight,NYJ,10,RB,RB149,466.0,DEV
502,Wil Lutz,NO,14,K,K21,467.0,ACT
503,Tyrod Taylor,NYG,9,QB,QB40,468.0,ACT
504,Dax Milne,WAS,14,WR,WR198,469.0,ACT
505,Andre Roberts,CAR,13,WR,WR199,470.0,ACT
506,Chris Boswell,PIT,9,K,K22,471.0,ACT
507,Graham Gano,NYG,9,K,K23,472.0,ACT
508,Jake Kumerow,BUF,7,WR,WR200,473.0,ACT
509,Jaelon Darden,TB,11,WR,WR201,474.0,ACT
510,Zach Gentry,PIT,9,TE,TE65,475.0,ACT
511,Cade York,CLE,9,K,K24,476.0,ACT
512,Andy Dalton,NO,14,QB,QB41,477.0,ACT
513,Jacob Harris,LAR,7,WR,WR202,478.0,DEV
514,Eddy Pineiro,CAR,13,K,K25,479.0,ACT
515,Joey Slye,WAS,14,K,K26,480.0,ACT
516,Cairo Santos,CHI,14,K,K27,481.0,ACT
517,Greg Zuerlein,NYJ,10,K,K28,482.0,ACT
518,Austin Seibert,DET,6,K,K29,483.0,ACT
519,Juwan Johnson,NO,14,TE,TE66,484.0,ACT
520,Tyler Davis,GB,14,TE,TE67,485.0,ACT
521,Tyler Huntley,BAL,10,QB,QB42,486.0,ACT
522,Brycen Hopkins,LAR,7,TE,TE68,487.0,ACT
523,Jason Myers,SEA,11,K,K30,488.0,ACT
524,Jonathan Ward,ARI,13,RB,RB150,489.0,ACT
525,Jeremy Ruckert,NYJ,10,TE,TE69,490.0,INA
526,Devin Asiasi,CIN,10,TE,TE70,491.0,INA
527,Ka'imi Fairbairn,HOU,6,K,K31,492.0,ACT
528,Jared Bernhardt,ATL,14,WR,WR203,493.0,ACT
529,Quintin Morris,BUF,7,TE,TE71,494.0,INA
530,Kenny Yeboah,NYJ,10,TE,TE72,495.0,DEV
531,Steven Sims,PIT,9,WR,WR204,496.0,INA
532,Noah Gray,KC,8,TE,TE73,497.0,ACT
533,Chris Manhertz,JAX,11,TE,TE74,498.0,ACT
535,Luke Farrell,JAX,11,TE,TE75,500.0,ACT
536,Mekhi Sargent,JAX,11,RB,RB152,501.0,DEV
538,Jody Fortson,KC,8,TE,TE76,503.0,NA
539,Nick Vannett,NO,14,TE,TE77,504.0,INA
540,Charlie Woerner,SF,9,TE,TE78,505.0,ACT
541,Grant Calcaterra,PHI,7,TE,TE79,506.0,INA
542,Chigoziem Okonkwo,TEN,6,TE,TE80,507.0,ACT
543,Gardner Minshew,PHI,7,QB,QB43,508.0,ACT
544,Taylor Heinicke,WAS,14,QB,QB44,509.0,ACT
545,Malik Willis,TEN,6,QB,QB45,510.0,ACT
546,Tyler Kroft,SF,9,TE,TE81,511.0,ACT
547,Eric Saubert,DEN,9,TE,TE82,512.0,ACT
548,Teddy Bridgewater,MIA,11,QB,QB46,513.0,ACT
549,Case Keenum,BUF,7,QB,QB47,514.0,ACT
550,Ross Dwelley,SF,9,TE,TE83,515.0,ACT
551,Brandon Powell,LAR,7,WR,WR205,516.0,ACT
553,Jesper Horsted,LV,6,TE,TE84,518.0,ACT
554,Tre' McKitty,LAC,8,TE,TE85,519.0,ACT
555,James Mitchell,DET,6,TE,TE86,520.0,INA
556,Cole Turner,WAS,14,TE,TE87,521.0,INA
557,Nick Muse,MIN,7,TE,TE88,522.0,DEV
558,Blaine Gabbert,TB,11,QB,QB48,523.0,ACT
559,Johnny Mundt,MIN,7,TE,TE89,524.0,ACT
560,Connor Heyward,PIT,9,TE,TE90,525.0,ACT
561,Lance McCutcheon,LAR,7,WR,WR206,526.0,INA
562,Brett Rypien,DEN,9,QB,QB49,527.0,ACT
563,Chase Daniel,LAC,8,QB,QB50,528.0,ACT
564,Hunter Long,MIA,11,TE,TE91,529.0,ACT
565,Chad Henne,KC,8,QB,QB51,530.0,ACT
566,John Wolford,LAR,7,QB,QB52,531.0,ACT
567,Kevin Rader,TEN,6,TE,TE92,532.0,DEV
568,Ko Kieft,TB,11,TE,TE93,533.0,ACT
569,Jarrett Stidham,LV,6,QB,QB53,534.0,ACT
570,Gunner Olszewski,PIT,9,WR,WR207,535.0,ACT
571,Nick Mullens,MIN,7,QB,QB54,536.0,ACT
572,Trevor Siemian,CHI,14,QB,QB55,537.0,ACT
573,Jordan Love,GB,14,QB,QB56,538.0,ACT
574,Mitchell Wilcox,CIN,10,TE,TE94,539.0,ACT
575,Brian Hoyer,NE,10,QB,QB57,540.0,ACT
576,Ben Ellefson,MIN,7,TE,TE95,541.0,ACT
577,Kyle Allen,HOU,6,QB,QB58,542.0,INA
578,Shane Buechele,KC,8,QB,QB59,543.0,INA
579,Sam Howell,WAS,14,QB,QB60,544.0,INA
580,MyCole Pruitt,ATL,14,TE,TE96,545.0,DEV
581,James McCourt,JAX,11,K,K32,546.0,DEV
582,Sam Ehlinger,IND,14,QB,QB61,547.0,INA
583,Shane Zylstra,DET,6,TE,TE97,548.0,ACT
584,Frank Darby,ATL,14,WR,WR208,549.0,DEV
585,Riley Patterson,JAX,11,K,K33,550.0,ACT
586,Joshua Dobbs,CLE,9,QB,QB62,551.0,ACT
587,Stephen Sullivan,CAR,13,TE,TE98,552.0,INA
588,CJ Beathard,JAX,11,QB,QB63,553.0,ACT
589,Josh Johnson,DEN,9,QB,QB64,554.0,DEV
589,Josh Johnson,DEN,9,QB,QB64,554.0,RES
590,JJ Arcega-Whiteside,SEA,11,WR,WR209,555.0,DEV
591,Jack Stoll,PHI,7,TE,TE99,556.0,ACT
592,Cooper Rush,DAL,9,QB,QB65,557.0,ACT
593,Stephen Anderson,ARI,13,TE,TE100,558.0,ACT
594,Tanner Hudson,NYG,9,TE,TE101,559.0,ACT
595,Jalen Wydermyer,NE,10,TE,TE102,560.0,DEV
596,Colby Parkinson,SEA,11,TE,TE103,561.0,ACT
597,Eric Tomlinson,DEN,9,TE,TE104,562.0,ACT
598,Josh Oliver,BAL,10,TE,TE105,563.0,ACT
599,Kyle Trask,TB,11,QB,QB66,564.0,INA
600,Nick Foles,IND,14,QB,QB67,565.0,ACT
601,Nate Sudfeld,DET,6,QB,QB68,566.0,ACT
602,Mason Rudolph,PIT,9,QB,QB69,567.0,INA
603,Brandon Allen,CIN,10,QB,QB70,568.0,ACT
604,Peyton Hendershot,DAL,9,TE,TE106,569.0,ACT
606,Quinn Nordin,NE,10,K,K34,571.0,RES
607,Jared Pinkney,LAR,7,TE,TE107,572.0,DEV
608,Colin Thompson,CAR,13,TE,TE108,573.0,DEV
609,Trevon Wesco,CHI,14,TE,TE109,574.0,INA
610,Armani Rogers,WAS,14,TE,TE110,575.0,ACT
611,Mike White,NYJ,10,QB,QB71,576.0,ACT
612,Sean Mannion,SEA,11,QB,QB72,577.0,DEV
613,Kellen Mond,CLE,9,QB,QB73,578.0,INA
614,Aldrick Rosas,DET,6,K,K35,579.0,DEV
615,PJ Walker,CAR,13,QB,QB74,580.0,NA
616,David Blough,MIN,7,QB,QB75,581.0,DEV
617,Bailey Zappe,NE,10,QB,QB76,582.0,INA
618,Tanner Conner,MIA,11,TE,TE111,583.0,INA
619,Cethan Carter,MIA,11,TE,TE112,584.0,ACT
620,Matthew Slater,NE,10,WR,WR210,585.0,NA
621,Easton Stick,LAC,8,QB,QB77,586.0,INA
675,Blake Bortles,NO,14,QB,QB78,640.0,NA
676,Jacob Eason,CAR,13,QB,QB79,641.0,DEV
677,Bryce Perkins,LAR,7,QB,QB80,642.0,INA
678,Will Grier,DAL,9,QB,QB81,643.0,DEV
679,Ian Book,PHI,7,QB,QB82,644.0,INA
680,Tim Boyle,DET,6,QB,QB83,645.0,DEV
681,Logan Woodside,TEN,6,QB,QB84,646.0,DEV
682,Dwayne Haskins,PIT,9,QB,QB85,647.0,NA
683,Chris Streveler,NYJ,10,QB,QB86,648.0,DEV
684,Jake Fromm,NYG,9,QB,QB87,649.0,NA
685,Ben DiNucci,DAL,9,QB,QB88,650.0,CUT
686,Jake Luton,JAX,11,QB,QB89,651.0,DEV
687,James Morgan,IND,14,QB,QB90,652.0,NA
688,Trace McSorley,ARI,13,QB,QB91,653.0,ACT
689,Jake Browning,CIN,10,QB,QB92,654.0,DEV
690,Clayton Thorson,NYG,9,QB,QB93,655.0,NA
691,Anthony Gordon,DEN,9,QB,QB94,656.0,NA
692,Matt Barkley,BUF,7,QB,QB95,657.0,DEV
693,Ryan Griffin,TB,11,QB,QB96,658.0,DEV
693,Ryan Griffin,TB,11,QB,QB96,658.0,ACT
694,Garrett Gilbert,LV,6,QB,QB97,659.0,NA
695,Davis Webb,NYG,9,QB,QB98,660.0,DEV
696,Jeff Driskel,HOU,6,QB,QB99,661.0,ACT
697,Danny Etling,GB,14,QB,QB100,662.0,DEV
698,Chris Carson,SEA,11,RB,RB155,663.0,CUT
699,Ty'Son Williams,IND,14,RB,RB156,664.0,CUT
700,Tevin Coleman,NYJ,10,RB,RB157,665.0,CUT
701,James White,NE,10,RB,RB158,666.0,RET
702,La'Mical Perine,PHI,7,RB,RB159,667.0,DEV
703,Jordan Wilkins,TEN,6,RB,RB160,668.0,CUT
704,Jaylen Samuels,ARI,13,RB,RB161,669.0,NA
705,Nate McCrary,BAL,10,RB,RB162,670.0,CUT
706,Trey Edmunds,PIT,9,RB,RB163,671.0,INA
708,Pooka Williams,CIN,10,WR,WR211,673.0,CUT
709,Javian Hawkins,LAR,7,RB,RB165,674.0,NA
711,Elijhaa Penny,NYG,9,RB,RB167,676.0,NA
712,AJ Rose,LAR,7,RB,RB168,677.0,NA
715,Gerrid Doaks,MIA,11,RB,RB170,680.0,DEV
716,Malcolm Perry,NE,10,RB,RB171,681.0,RET
717,Godwingwebuike,DET,6,RB,RB172,682.0,CUT
718,Reggie Bonnafon,WAS,14,RB,RB173,683.0,CUT
719,Dexter Williams,GB,14,RB,RB174,684.0,CUT
720,Scottie Phillips,HOU,6,RB,RB175,685.0,RES
721,Devine Ozigbo,DEN,9,RB,RB176,686.0,DEV
722,Ryan Nall,DAL,9,RB,RB177,687.0,CUT
723,Artavis Pierce,CLE,9,RB,RB178,688.0,NA
724,Nathan Cottrell,JAX,11,RB,RB179,689.0,CUT
725,Jason Huntley,PIT,9,RB,RB180,690.0,DEV
726,Josh Adams,NO,14,RB,RB181,691.0,NA
727,Adrian Killins,DEN,9,RB,RB182,692.0,NA
728,Patrick Laird,TB,11,RB,RB183,693.0,DEV
729,Taiwan Jones,BUF,7,RB,RB184,694.0,ACT
731,Elijah McGuire,KC,8,RB,RB185,696.0,NA
732,Brian Hill,SF,9,RB,RB186,697.0,NA
733,Trey Ragas,LAR,7,RB,RB187,698.0,DEV
734,Calvin Ridley,ATL,14,WR,WR212,699.0,NA
735,John Brown,TB,11,WR,WR213,700.0,NA
736,Willie Snead,SF,9,WR,WR214,701.0,DEV
737,KeeSean Johnson,ATL,14,WR,WR215,702.0,CUT
738,John Hightower,PHI,7,WR,WR216,703.0,CUT
739,Christian Blake,PIT,9,WR,WR217,704.0,CUT
740,Trinity Benson,DET,6,WR,WR218,705.0,CUT
741,Terry Godwin,TEN,6,WR,WR219,706.0,NA
742,Kawaan Baker,NO,14,WR,WR220,707.0,RES
743,Tre Nixon,NE,10,WR,WR221,708.0,DEV
744,Dazz Newsome,CHI,14,WR,WR222,709.0,CUT
745,Jalen Camp,HOU,6,WR,WR223,710.0,DEV
746,Diontae Spencer,DEN,9,WR,WR224,711.0,DEV
747,Antonio Gandy-Golden,WAS,14,TE,TE113,712.0,RET
748,Malik Taylor,GB,14,WR,WR225,713.0,RES
749,KJ Hill,LAC,8,WR,WR226,714.0,NA
750,John Ursua,SEA,11,WR,WR227,715.0,NA
751,Brandon Zylstra,CAR,13,WR,WR228,716.0,CUT
752,Pharoh Cooper,NYG,9,WR,WR229,717.0,NA
753,Dan Chisena,MIN,7,WR,WR230,718.0,DEV
754,Austin Mack,SF,9,WR,WR231,719.0,CUT
755,Chris Rowland,TEN,6,WR,WR232,720.0,NA
756,Matt Cole,SEA,11,WR,WR233,721.0,CUT
757,DeMichael Harris,IND,14,WR,WR234,722.0,CUT
758,Gehrig Dieter,KC,8,WR,WR235,723.0,NA
759,Josh Malone,TEN,6,WR,WR236,724.0,CUT
760,Keelan Doss,NYG,9,WR,WR237,725.0,CUT
761,Chad Hansen,ATL,14,WR,WR238,726.0,NA
762,Cyril Grayson,TB,11,WR,WR239,727.0,CUT
763,Ja'Marcus Bradley,CLE,9,WR,WR240,728.0,CUT
764,River Cracraft,MIA,11,WR,WR241,729.0,ACT
765,Kelvin Harmon,WAS,14,WR,WR242,730.0,CUT
766,Kevin White,NO,14,WR,WR243,731.0,CUT
767,Keith Kirkwood,CAR,13,WR,WR244,732.0,CUT
768,Vyncint Smith,TB,11,WR,WR245,733.0,DEV
769,Dillon Stoner,LV,6,WR,WR246,734.0,DEV
770,Stephen Carlson,CLE,9,TE,TE114,735.0,NA
771,Jacob Hollister,LV,6,TE,TE115,736.0,RES
772,Darren Fells,TB,11,TE,TE116,737.0,NA
773,Dalton Keene,NE,10,TE,TE117,738.0,DEV
774,Kahale Warring,NO,14,TE,TE118,739.0,CUT
775,Jace Sternberger,PIT,9,TE,TE119,740.0,CUT
776,Richard Rodgers,PHI,7,TE,TE120,741.0,ACT
777,Matt Sokol,NE,10,TE,TE121,742.0,DEV
778,Hunter Bryant,DET,6,TE,TE122,743.0,NA
779,Antony Auclair,HOU,6,TE,TE123,744.0,CUT
780,Ricky Seals-Jones,NYG,9,TE,TE124,745.0,RES
781,Thaddeus Moss,CIN,10,TE,TE125,746.0,DEV
782,Brandon Dillon,NYJ,10,TE,TE126,747.0,NA
783,Sammis Reyes,WAS,14,TE,TE127,748.0,CUT
784,Dominique Dafney,GB,14,TE,TE128,749.0,CUT
785,JP Holtz,NO,14,TE,TE129,750.0,DEV
786,Jeremy Sprinkle,DAL,9,TE,TE130,751.0,CUT
787,Garrett Griffin,DET,6,TE,TE131,752.0,DEV
788,Mason Schreck,HOU,6,TE,TE132,753.0,DEV
789,Matt LaCosse,NE,10,TE,TE133,754.0,NA
790,Sean McKeon,DAL,9,TE,TE134,755.0,DEV
791,Caleb Wilson,DEN,9,TE,TE135,756.0,NA
792,Deon Yelder,ARI,13,TE,TE136,757.0,CUT
793,Temarrick Hemingway,WAS,14,TE,TE137,758.0,NA
794,Alize Mack,GB,14,TE,TE138,759.0,RES
795,Shaun Beyer,MIN,7,TE,TE139,760.0,DEV
796,Jaeden Graham,PHI,7,TE,TE140,761.0,RES
797,Nick Bowers,LV,6,TE,TE141,762.0,DEV
798,Noah Togiai,PHI,7,TE,TE142,763.0,ACT
799,Tristan Vizcaino,NE,10,K,K36,764.0,CUT
800,Chase McLaughlin,CLE,9,K,K37,765.0,NA
801,Ryan Santoso,NYG,9,K,K38,766.0,CUT
802,Sam Ficken,TEN,6,K,K39,767.0,NA
803,Chris Naggar,DAL,9,K,K40,768.0,NA
804,Jose Borregales,TB,11,K,K41,769.0,CUT
805,Matthew Wright,JAX,11,K,K42,770.0,NA
806,Marlon Mack,HOU,6,RB,RB188,771.0,DEV
807,Reid Sinnett,PHI,7,QB,QB101,772.0,DEV
808,Codey McElroy,TB,11,TE,TE143,773.0,CUT
812,Ryquell Armstead,JAX,11,RB,RB189,777.0,CUT
813,Cody White,PIT,9,WR,WR247,778.0,DEV
816,Chris Blewitt,CLE,9,K,K43,782.0,NA
817,Derrick Gore,KC,8,RB,RB190,783.0,CUT
820,Austin Walter,LV,6,RB,RB191,786.0,DEV
821,JaQuan Hardy,DEN,9,RB,RB192,787.0,NA
822,Kerrith Whyte,GB,14,RB,RB193,788.0,NA
823,Tavien Feaster,ARI,13,RB,RB194,789.0,NA
824,Darius Bradwell,CAR,13,RB,RB195,790.0,CUT
825,Spencer Brown,CAR,13,RB,RB196,791.0,RES
826,Corey Coleman,KC,8,WR,WR248,792.0,CUT
827,TJ Vasher,DAL,9,WR,WR249,793.0,CUT
828,Tom Kennedy,DET,6,WR,WR250,794.0,DEV
829,Maurice Ffrench,LAC,8,WR,WR251,795.0,CUT
830,Landen Akers,LAR,7,WR,WR252,796.0,CUT
831,Davion Davis,HOU,6,WR,WR253,797.0,CUT
832,Eli Wolf,WAS,14,TE,TE144,798.0,RES
833,Ethan Wolf,NO,14,TE,TE145,799.0,NA
835,Dylan Cantrell,WAS,14,TE,TE146,801.0,NA
836,Miller Forristall,CLE,9,TE,TE147,802.0,DEV
838,Tony Poljan,BAL,10,TE,TE148,804.0,CUT
839,Matt Bushman,KC,8,TE,TE149,805.0,RES
840,Daniel Helm,ATL,14,TE,TE150,806.0,NA
841,Brian Johnson,WAS,14,K,K44,807.0,CUT
842,Lirim Hajrullahu,DAL,9,K,K45,808.0,NA
843,Dominik Eberle,GB,14,K,K46,809.0,DEV
844,Marcus Johnson,SF,9,WR,WR254,810.0,DEV
845,Josh Johnson,SEA,11,RB,RB199,811.0,DEV
845,Josh Johnson,SEA,11,RB,RB199,811.0,RES
846,John Kelly,CLE,9,RB,RB200,812.0,DEV
847,DJ Montgomery,NYJ,10,WR,WR255,813.0,CUT
848,DaeSean Hamilton,HOU,6,WR,WR256,814.0,NA
849,Robert Foster,NYG,9,WR,WR257,815.0,CUT
850,Aaron Fuller,SEA,11,WR,WR258,816.0,CUT
852,James O'Shaughnessy,CHI,14,TE,TE151,818.0,CUT
853,Binjimen Victor,BAL,10,WR,WR259,819.0,DEV
854,Javon Wims,CLE,9,WR,WR260,820.0,CUT
855,Samuel Sloman,PIT,9,K,K47,821.0,NA
856,Carson Strong,PHI,7,QB,QB102,822.0,CUT
857,Kurt Benkert,GB,14,QB,QB103,823.0,CUT
858,Caleb Huntley,ATL,14,RB,RB201,824.0,DEV
859,Brenden Knox,KC,8,RB,RB202,825.0,NA
860,CJ Board,NYG,9,WR,WR261,826.0,DEV
861,Alex Erickson,WAS,14,WR,WR262,827.0,DEV
862,Daurice Fountain,KC,8,WR,WR263,828.0,INA
863,Tre Turner,LV,6,WR,WR264,829.0,NA
864,Tyler Vaughns,PIT,9,WR,WR265,830.0,CUT
865,Jake Hausmann,WAS,14,TE,TE152,831.0,CUT
866,Nate Stanley,MIN,7,QB,QB104,832.0,CUT
867,Raymond Calais,LAR,7,RB,RB203,833.0,CUT
868,Xavier Jones,LAR,7,RB,RB204,834.0,RES
869,Ryanzzo,CAR,13,TE,TE153,835.0,NA
871,Alex Armah,WAS,14,RB,RB206,837.0,CUT
872,Keelan Cole,LV,6,WR,WR266,838.0,DEV
873,Austin Allen,NYG,9,TE,TE154,839.0,DEV
874,Nathan Peterman,CHI,14,QB,QB105,840.0,DEV
875,Skylar Thompson,MIA,11,QB,QB106,841.0,INA
876,D'Vonte Price,IND,14,RB,RB207,842.0,NA
877,Kennedy Brooks,PHI,7,RB,RB208,843.0,DEV
878,CJ Verdell,IND,14,RB,RB209,844.0,CUT
879,Jashaun Corbin,NYG,9,RB,RB210,845.0,DEV
880,Abram Smith,NO,14,RB,RB211,846.0,CUT
881,Leddie Brown,LAC,8,RB,RB212,847.0,CUT
882,Geronimo Allison,ATL,14,WR,WR267,848.0,CUT
883,Nick Eubanks,CIN,10,TE,TE155,849.0,CUT
884,Troy Fumagalli,SF,9,TE,TE156,850.0,DEV
885,Jonathan Garibay,DAL,9,K,K48,851.0,CUT
886,Mataeo Durant,PIT,9,RB,RB213,852.0,CUT
887,Gabe Brkic,GB,14,K,K49,853.0,RES
888,Sandro Platzgummer,NYG,9,RB,RB214,854.0,DEV
889,Marvin Hall,JAX,11,WR,WR268,855.0,CUT
890,Darrell Daniels,HOU,6,TE,TE157,856.0,NA
891,Jerrion Ealy,KC,8,WR,WR269,857.0,DEV
892,Charleston Rambo,CAR,13,WR,WR270,858.0,CUT
893,Albert Wilson,MIN,7,WR,WR271,859.0,CUT
894,Tavon Austin,BUF,7,WR,WR272,860.0,DEV
1890,TJ Pledger,ARI,13,RB,RB215,1857.0,CUT
1891,Isaiah Ford,IND,14,WR,WR273,1858.0,NA
1892,Brett Hundley,BAL,10,QB,QB107,1859.0,CUT
1893,Ricky Person,BAL,10,RB,RB216,1860.0,RES
1894,Gerrit Prince,JAX,11,TE,TE158,1861.0,DEV
1895,Chad Beebe,HOU,6,WR,WR274,1862.0,CUT
1896,Cody Core,MIA,11,WR,WR275,1863.0,CUT
1897,Deon Cain,PHI,7,WR,WR276,1864.0,DEV
1898,Lawrence Cager,NYJ,10,TE,TE159,1865.0,ACT
1899,Devin Funchess,DET,6,TE,TE160,1866.0,CUT
1900,JJ Koski,LAR,7,WR,WR277,1867.0,RES
1901,Mason Kinsey,TEN,6,WR,WR278,1868.0,DEV
1952,Michael Bandy,LAC,8,WR,WR279,1920.0,DEV
1953,Lucas Krull,NO,14,TE,TE161,1921.0,DEV
1961,Andrew Mevis,JAX,11,K,K50,1929.0,CUT
1980,Malcolm Brown,NO,14,RB,RB217,1948.0,NA
1981,Corey Clement,BAL,10,RB,RB218,1949.0,NA
1982,Marcus Kemp,NYG,9,WR,WR280,1950.0,CUT
1988,Mohamed Sanu,MIA,11,WR,WR281,1956.0,CUT
1989,Malik Davis,DAL,9,RB,RB219,1957.0,DEV
1990,Trey Quinn,DEN,9,WR,WR282,1958.0,CUT
1991,Easop Winston,CLE,9,WR,WR283,1959.0,CUT
1992,Chris Herndon,NO,14,TE,TE162,1960.0,NA
1993,Chester Rogers,HOU,6,WR,WR284,1961.0,CUT
1994,Kirk Merritt,NO,14,WR,WR285,1962.0,DEV
1995,Bug Howard,TB,11,TE,TE163,1963.0,CUT
1996,Britain Covey,PHI,7,WR,WR286,1964.0,ACT
2066,Brock Purdy,SF,9,QB,QB108,2034.0,INA
2067,Jacques Patrick,CIN,10,RB,RB221,2035.0,CUT
2068,Bryant Koback,MIN,7,RB,RB222,2036.0,DEV
2069,Max Borghi,PIT,9,RB,RB223,2037.0,CUT
2070,Makai Polk,BAL,10,WR,WR287,2038.0,DEV
2072,Elliott Fry,JAX,11,K,K51,2040.0,NA
2091,Victor Bolden,ARI,13,WR,WR288,2059.0,DEV
2092,Avery Williams,ATL,14,RB,RB224,2060.0,ACT
2099,Stevie Scott,DEN,9,RB,RB225,2067.0,NA
2111,Chase Garbers,LV,6,QB,QB109,2079.0,DEV
2114,Matt Ammendola,HOU,6,K,K52,2082.0,CUT
2115,CJ Saunders,CAR,13,WR,WR289,2083.0,DEV
2116,Ramiz Ahmed,GB,14,K,K53,2084.0,DEV
2117,EJ Perry,JAX,11,QB,QB110,2085.0,DEV
2118,Dai'Jean Dixon,NO,14,WR,WR290,2086.0,DEV
2119,Jake Verity,JAX,11,K,K54,2087.0,RES
2145,Feleipe Franks,ATL,14,TE,TE164,2113.0,ACT
2146,Tyree Jackson,PHI,7,TE,TE165,2114.0,RES
2147,John Metchie,HOU,6,WR,WR291,2115.0,RES
