Rank,Name,Team,Position,Week,Opponent,FieldGoalsMade,FieldGoalsAttempted,FieldGoalPercentage,FieldGoalsLongestMade,ExtraPointsMade,ExtraPointsAttempted,FantasyPointsPerGamePPR,FantasyPointsPPR
1,Harrison Butker,KC,K,9,TEN,1.9,2.2,100,0,3.4,3.4,9.6,9.56
1,Harrison Butker,KC,K,18,LV,1.9,2.1,100,0,3.4,3.4,9.6,9.56
1,Harrison Butker,KC,K,15,HOU,1.9,2.1,100,0,3.4,3.4,9.6,9.56
4,Harrison Butker,KC,K,12,LAR,1.9,2.1,100,0,3.3,3.3,9.5,9.46
5,Justin Tucker,BAL,K,11,CAR,2,2.1,100,0,2.9,2.9,9.4,9.38
6,Brett Maher,DAL,K,14,HOU,1.9,2.1,100,0,3.2,3.2,9.4,9.36
7,Brett Maher,DAL,K,17,TEN,2,2.3,100,0,2.8,2.8,9.3,9.28
7,Justin Tucker,BAL,K,13,DEN,2,2.1,100,0,2.8,2.8,9.3,9.28
7,Evan McPherson,CIN,K,3,NYJ,2,2.2,100,0,2.8,2.8,9.3,9.28
10,Justin Tucker,BAL,K,6,NYG,2,2.1,100,0,2.7,2.7,9.2,9.18
10,Justin Tucker,BAL,K,9,NO,2,2.2,100,0,2.7,2.7,9.2,9.18
12,Harrison Butker,KC,K,10,JAX,1.8,2.3,100,0,3.3,3.3,9.1,9.14
12,Harrison Butker,KC,K,16,SEA,1.8,2.1,100,0,3.3,3.3,9.1,9.14
14,Daniel Carlson,LV,K,7,HOU,2,2.2,100,0,2.6,2.6,9.1,9.08
15,Brett Maher,DAL,K,12,NYG,1.9,2,100,0,2.9,2.9,9.1,9.06
15,Justin Tucker,BAL,K,7,CLE,1.9,2.1,100,0,2.9,2.9,9.1,9.06
15,Brett Maher,DAL,K,7,DET,1.9,2.2,100,0,2.9,2.9,9.1,9.06
18,Tyler Bass,BUF,K,2,TEN,1.8,2,100,0,3.2,3.2,9,9.04
18,Tyler Bass,BUF,K,12,DET,1.8,1.9,100,0,3.2,3.2,9,9.04
18,Harrison Butker,KC,K,11,LAC,1.8,2.1,100,0,3.2,3.2,9,9.04
21,Harrison Butker,KC,K,14,DEN,1.9,2.2,100,0,2.8,2.8,9,8.96
21,Daniel Carlson,LV,K,10,IND,1.9,2.1,100,0,2.8,2.8,9,8.96
21,Justin Tucker,BAL,K,12,JAX,1.9,1.9,100,0,2.8,2.8,9,8.96
21,Greg Joseph,MIN,K,3,DET,1.9,2.1,100,0,2.8,2.8,9,8.96
21,Justin Tucker,BAL,K,1,NYJ,1.9,2,100,0,2.8,2.8,9,8.96
26,Harrison Butker,KC,K,17,DEN,1.8,2.3,100,0,3.1,3.1,8.9,8.94
26,Harrison Butker,KC,K,1,ARI,1.8,1.9,100,0,3.1,3.1,8.9,8.94
28,Justin Tucker,BAL,K,5,CIN,1.9,2.1,100,0,2.7,2.7,8.9,8.86
28,Evan McPherson,CIN,K,1,PIT,1.9,2.1,100,0,2.7,2.7,8.9,8.86
30,Harrison Butker,KC,K,13,CIN,1.8,2,100,0,3,3,8.8,8.84
30,Ryan Succop,TB,K,5,ATL,1.8,2.1,100,0,3,3,8.8,8.84
30,Jason Sanders,MIA,K,12,HOU,1.8,2,100,0,3,3,8.8,8.84
30,Jake Elliott,PHI,K,18,NYG,1.8,2,100,0,3,3,8.8,8.84
34,Michael Badgley,DET,K,17,CHI,1.7,1.9,100,0,3.3,3.3,8.8,8.82
34,Jake Elliott,PHI,K,9,HOU,1.7,1.9,100,0,3.3,3.3,8.8,8.82
36,Daniel Carlson,LV,K,3,TEN,2,2.2,100,0,2.3,2.3,8.8,8.78
37,Younghoe Koo,ATL,K,17,ARI,1.9,2.1,100,0,2.6,2.6,8.8,8.76
37,Cairo Santos,CHI,K,10,DET,1.9,2.1,100,0,2.6,2.6,8.8,8.76
37,Justin Tucker,BAL,K,2,MIA,1.9,2.1,100,0,2.6,2.6,8.8,8.76
37,Daniel Carlson,LV,K,2,ARI,1.9,2.1,100,0,2.6,2.6,8.8,8.76
37,Daniel Carlson,LV,K,8,NO,1.9,2.1,100,0,2.6,2.6,8.8,8.76
37,Ryan Succop,TB,K,7,CAR,1.9,2.1,100,0,2.6,2.6,8.8,8.76
43,Matt Gay,LAR,K,2,ATL,1.8,2,100,0,2.9,2.9,8.7,8.74
43,Dustin Hopkins,LAC,K,1,LV,1.8,2,100,0,2.9,2.9,8.7,8.74
45,Jake Elliott,PHI,K,10,WAS,1.7,2,100,0,3.2,3.2,8.7,8.72
46,Cameron Dicker,LAC,K,17,LAR,1.9,2.2,100,0,2.5,2.5,8.7,8.66
46,Ryan Succop,TB,K,10,SEA,1.9,2.1,100,0,2.5,2.5,8.7,8.66
46,Evan McPherson,CIN,K,2,DAL,1.9,2.1,100,0,2.5,2.5,8.7,8.66
46,Evan McPherson,CIN,K,4,MIA,1.9,2.2,100,0,2.5,2.5,8.7,8.66
46,Jason Myers,SEA,K,9,ARI,1.9,2.1,100,0,2.5,2.5,8.7,8.66
46,Justin Tucker,BAL,K,8,TB,1.9,2,100,0,2.5,2.5,8.7,8.66
46,Daniel Carlson,LV,K,1,LAC,1.9,2,100,0,2.5,2.5,8.7,8.66
53,Daniel Carlson,LV,K,13,LAC,1.8,2,100,0,2.8,2.8,8.6,8.64
53,Brett Maher,DAL,K,13,IND,1.8,2,100,0,2.8,2.8,8.6,8.64
53,Matt Gay,LAR,K,3,ARI,1.8,2,100,0,2.8,2.8,8.6,8.64
53,Ryan Succop,TB,K,6,PIT,1.8,2,100,0,2.8,2.8,8.6,8.64
53,Younghoe Koo,ATL,K,9,LAC,1.8,2,100,0,2.8,2.8,8.6,8.64
53,Evan McPherson,CIN,K,7,ATL,1.8,2.1,100,0,2.8,2.8,8.6,8.64
59,Tyler Bass,BUF,K,5,PIT,1.7,2,100,0,3.1,3.1,8.6,8.62
60,Jason Myers,SEA,K,13,LAR,1.8,1.9,100,0,2.7,2.7,8.5,8.54
60,Daniel Carlson,LV,K,14,LAR,1.8,2,100,0,2.7,2.7,8.5,8.54
60,Jason Myers,SEA,K,14,CAR,1.8,2,100,0,2.7,2.7,8.5,8.54
60,Daniel Carlson,LV,K,9,JAX,1.8,2,100,0,2.7,2.7,8.5,8.54
60,Jake Elliott,PHI,K,8,PIT,1.8,2.1,100,0,2.7,2.7,8.5,8.54
60,Jason Myers,SEA,K,8,NYG,1.8,2.1,100,0,2.7,2.7,8.5,8.54
60,Brett Maher,DAL,K,8,CHI,1.8,2.1,100,0,2.7,2.7,8.5,8.54
60,Brett Maher,DAL,K,18,WAS,1.8,2,100,0,2.7,2.7,8.5,8.54
68,Jason Sanders,MIA,K,14,LAC,1.7,1.9,100,0,3,3,8.5,8.52
68,Matt Ammendola,KC,K,2,LAC,1.7,2,100,0,3,3,8.5,8.52
68,Tyler Bass,BUF,K,3,MIA,1.7,1.9,100,0,3,3,8.5,8.52
68,Tyler Bass,BUF,K,9,NYJ,1.7,2,100,0,3,3,8.5,8.52
68,Jake Elliott,PHI,K,15,CHI,1.7,1.9,100,0,3,3,8.5,8.52
73,Greg Joseph,MIN,K,5,CHI,1.8,2.1,100,0,2.6,2.6,8.4,8.44
73,Younghoe Koo,ATL,K,4,CLE,1.8,2,100,0,2.6,2.6,8.4,8.44
73,Matt Gay,LAR,K,6,CAR,1.8,2,100,0,2.6,2.6,8.4,8.44
73,Greg Joseph,MIN,K,8,ARI,1.8,2.1,100,0,2.6,2.6,8.4,8.44
73,Matt Gay,LAR,K,1,BUF,1.8,1.9,100,0,2.6,2.6,8.4,8.44
73,Brandon McManus,DEN,K,1,SEA,1.8,2,100,0,2.6,2.6,8.4,8.44
79,Tyler Bass,BUF,K,17,CIN,1.7,1.9,100,0,2.9,2.9,8.4,8.42
79,Evan McPherson,CIN,K,14,CLE,1.7,1.9,100,0,2.9,2.9,8.4,8.42
79,Michael Badgley,DET,K,14,MIN,1.7,1.9,100,0,2.9,2.9,8.4,8.42
79,Tyler Bass,BUF,K,10,MIN,1.7,2,100,0,2.9,2.9,8.4,8.42
79,Tyler Bass,BUF,K,18,NE,1.7,1.8,100,0,2.9,2.9,8.4,8.42
79,Brett Maher,DAL,K,16,PHI,1.7,1.9,100,0,2.9,2.9,8.4,8.42
85,Tyler Bass,BUF,K,11,CLE,1.6,1.8,100,0,3.2,3.2,8.4,8.38
85,Tyler Bass,BUF,K,8,GB,1.6,1.8,100,0,3.2,3.2,8.4,8.38
87,Graham Gano,NYG,K,17,IND,1.9,2,100,0,2.2,2.2,8.4,8.36
87,Jason Myers,SEA,K,17,NYJ,1.9,2.3,100,0,2.2,2.2,8.4,8.36
87,Daniel Carlson,LV,K,4,DEN,1.9,2.1,100,0,2.2,2.2,8.4,8.36
87,Ryan Succop,TB,K,9,LAR,1.9,2.1,100,0,2.2,2.2,8.4,8.36
91,Justin Tucker,BAL,K,17,PIT,1.8,2.1,100,0,2.5,2.5,8.3,8.34
91,Justin Tucker,BAL,K,3,NE,1.8,2,100,0,2.5,2.5,8.3,8.34
91,Evan McPherson,CIN,K,9,CAR,1.8,2.1,100,0,2.5,2.5,8.3,8.34
91,Jason Myers,SEA,K,18,LAR,1.8,1.9,100,0,2.5,2.5,8.3,8.34
91,Daniel Carlson,LV,K,15,NE,1.8,2,100,0,2.5,2.5,8.3,8.34
91,Robbie Gould,SF,K,1,CHI,1.8,1.9,100,0,2.5,2.5,8.3,8.34
91,Justin Tucker,BAL,K,16,ATL,1.8,2,100,0,2.5,2.5,8.3,8.34
98,Evan McPherson,CIN,K,13,KC,1.7,1.8,100,0,2.8,2.8,8.3,8.32
98,Tyler Bass,BUF,K,14,NYJ,1.7,1.9,100,0,2.8,2.8,8.3,8.32
98,Graham Gano,NYG,K,10,HOU,1.7,1.9,100,0,2.8,2.8,8.3,8.32
98,Jake Elliott,PHI,K,3,WAS,1.7,1.9,100,0,2.8,2.8,8.3,8.32
98,Robbie Gould,SF,K,18,ARI,1.7,2,100,0,2.8,2.8,8.3,8.32
98,Harrison Butker,KC,K,7,SF,1.7,1.9,100,0,2.8,2.8,8.3,8.32
98,Brett Maher,DAL,K,15,JAX,1.7,1.9,100,0,2.8,2.8,8.3,8.32
98,Tyler Bass,BUF,K,1,LAR,1.7,1.9,100,0,2.8,2.8,8.3,8.32
98,Jake Elliott,PHI,K,1,DET,1.7,1.9,100,0,2.8,2.8,8.3,8.32
98,Rodrigo Blankenship,IND,K,1,HOU,1.7,1.9,100,0,2.8,2.8,8.3,8.32
98,Ryan Succop,TB,K,1,DAL,1.7,1.9,100,0,2.8,2.8,8.3,8.32
109,Matt Gay,LAR,K,5,DAL,1.8,1.9,100,0,2.4,2.4,8.2,8.24
109,Robbie Gould,SF,K,5,CAR,1.8,2,100,0,2.4,2.4,8.2,8.24
109,Jason Sanders,MIA,K,1,NE,1.8,1.9,100,0,2.4,2.4,8.2,8.24
112,Cairo Santos,CHI,K,17,DET,1.7,1.8,100,0,2.7,2.7,8.2,8.22
112,Ryan Succop,TB,K,2,NO,1.7,1.9,100,0,2.7,2.7,8.2,8.22
112,Brandon McManus,DEN,K,2,HOU,1.7,2,100,0,2.7,2.7,8.2,8.22
112,Jake Elliott,PHI,K,12,GB,1.7,1.9,100,0,2.7,2.7,8.2,8.22
112,Cameron Dicker,LAC,K,12,ARI,1.7,1.9,100,0,2.7,2.7,8.2,8.22
112,Harrison Butker,KC,K,6,BUF,1.7,1.9,100,0,2.7,2.7,8.2,8.22
112,Evan McPherson,CIN,K,8,CLE,1.7,1.9,100,0,2.7,2.7,8.2,8.22
112,Evan McPherson,CIN,K,18,BAL,1.7,1.9,100,0,2.7,2.7,8.2,8.22
112,Nick Folk,NE,K,7,CHI,1.7,1.9,100,0,2.7,2.7,8.2,8.22
112,Randy Bullock,TEN,K,1,NYG,1.7,1.8,100,0,2.7,2.7,8.2,8.22
122,Jake Elliott,PHI,K,17,NO,1.6,1.9,100,0,3,3,8.2,8.18
122,Matthew Wright,KC,K,5,LV,1.6,1.8,100,0,3,3,8.2,8.18
122,Tyler Bass,BUF,K,6,KC,1.6,1.8,100,0,3,3,8.2,8.18
122,Tyler Bass,BUF,K,15,MIA,1.6,1.8,100,0,3,3,8.2,8.18
126,Ryan Succop,TB,K,17,CAR,1.9,2.2,100,0,2,2,8.2,8.16
127,Justin Tucker,BAL,K,14,PIT,1.8,1.9,100,0,2.3,2.3,8.1,8.14
127,Brett Maher,DAL,K,5,LAR,1.8,2,100,0,2.3,2.3,8.1,8.14
127,Brett Maher,DAL,K,10,GB,1.8,2.1,100,0,2.3,2.3,8.1,8.14
127,Evan McPherson,CIN,K,6,NO,1.8,2,100,0,2.3,2.3,8.1,8.14
127,Ryan Succop,TB,K,8,BAL,1.8,2,100,0,2.3,2.3,8.1,8.14
132,Ryan Succop,TB,K,13,NO,1.7,1.9,100,0,2.6,2.6,8.1,8.12
132,Jake Elliott,PHI,K,14,NYG,1.7,1.9,100,0,2.6,2.6,8.1,8.12
132,Younghoe Koo,ATL,K,10,CAR,1.7,2,100,0,2.6,2.6,8.1,8.12
132,Robbie Gould,SF,K,2,SEA,1.7,1.8,100,0,2.6,2.6,8.1,8.12
132,Ryan Succop,TB,K,4,KC,1.7,2,100,0,2.6,2.6,8.1,8.12
132,Younghoe Koo,ATL,K,11,CHI,1.7,1.9,100,0,2.6,2.6,8.1,8.12
132,Brett Maher,DAL,K,11,MIN,1.7,1.9,100,0,2.6,2.6,8.1,8.12
139,Robbie Gould,SF,K,17,LV,1.6,2.1,100,0,2.9,2.9,8.1,8.08
140,Daniel Carlson,LV,K,5,KC,1.8,2,100,0,2.2,2.2,8,8.04
140,Younghoe Koo,ATL,K,3,SEA,1.8,2,100,0,2.2,2.2,8,8.04
142,Jake Elliott,PHI,K,13,TEN,1.7,1.8,100,0,2.5,2.5,8,8.02
142,Jason Myers,SEA,K,10,TB,1.7,1.9,100,0,2.5,2.5,8,8.02
142,Jake Elliott,PHI,K,2,MIN,1.7,2,100,0,2.5,2.5,8,8.02
142,Justin Tucker,BAL,K,4,BUF,1.7,1.8,100,0,2.5,2.5,8,8.02
142,Ryan Succop,TB,K,12,CLE,1.7,1.9,100,0,2.5,2.5,8,8.02
142,Robbie Gould,SF,K,12,NO,1.7,1.9,100,0,2.5,2.5,8,8.02
142,Daniel Carlson,LV,K,12,SEA,1.7,1.8,100,0,2.5,2.5,8,8.02
142,Matt Prater,ARI,K,9,SEA,1.7,1.9,100,0,2.5,2.5,8,8.02
142,Cameron Dicker,LAC,K,11,KC,1.7,1.8,100,0,2.5,2.5,8,8.02
142,Graham Gano,NYG,K,8,SEA,1.7,1.9,100,0,2.5,2.5,8,8.02
142,Wil Lutz,NO,K,15,ATL,1.7,2,100,0,2.5,2.5,8,8.02
142,Wil Lutz,NO,K,1,ATL,1.7,1.9,100,0,2.5,2.5,8,8.02
142,Greg Joseph,MIN,K,16,NYG,1.7,2,100,0,2.5,2.5,8,8.02
142,Evan McPherson,CIN,K,16,NE,1.7,1.8,100,0,2.5,2.5,8,8.02
156,Riley Patterson,JAX,K,17,HOU,1.6,1.8,100,0,2.8,2.8,8,7.98
156,Michael Badgley,DET,K,13,JAX,1.6,1.8,100,0,2.8,2.8,8,7.98
156,Jason Sanders,MIA,K,10,CLE,1.6,2,100,0,2.8,2.8,8,7.98
156,Jake Elliott,PHI,K,4,JAX,1.6,1.9,100,0,2.8,2.8,8,7.98
156,Jason Sanders,MIA,K,8,DET,1.6,1.9,100,0,2.8,2.8,8,7.98
161,Chris Boswell,PIT,K,4,NYJ,1.8,2,100,0,2.1,2.1,7.9,7.94
162,Mason Crosby,GB,K,17,MIN,1.7,2,100,0,2.4,2.4,7.9,7.92
162,Evan McPherson,CIN,K,17,BUF,1.7,1.9,100,0,2.4,2.4,7.9,7.92
162,Evan McPherson,CIN,K,5,BAL,1.7,1.9,100,0,2.4,2.4,7.9,7.92
162,Brett Maher,DAL,K,4,WAS,1.7,2,100,0,2.4,2.4,7.9,7.92
162,Chase McLaughlin,IND,K,12,PIT,1.7,1.9,100,0,2.4,2.4,7.9,7.92
162,Jake Elliott,PHI,K,6,DAL,1.7,2.1,100,0,2.4,2.4,7.9,7.92
162,Nick Folk,NE,K,9,IND,1.7,2,100,0,2.4,2.4,7.9,7.92
162,Graham Gano,NYG,K,11,DET,1.7,1.9,100,0,2.4,2.4,7.9,7.92
162,Younghoe Koo,ATL,K,8,CAR,1.7,1.9,100,0,2.4,2.4,7.9,7.92
162,Younghoe Koo,ATL,K,18,TB,1.7,1.9,100,0,2.4,2.4,7.9,7.92
162,Greg Joseph,MIN,K,18,CHI,1.7,1.9,100,0,2.4,2.4,7.9,7.92
162,Cameron Dicker,LAC,K,15,TEN,1.7,1.9,100,0,2.4,2.4,7.9,7.92
162,Greg Joseph,MIN,K,1,GB,1.7,1.8,100,0,2.4,2.4,7.9,7.92
175,Riley Patterson,JAX,K,5,HOU,1.6,1.9,100,0,2.7,2.7,7.9,7.88
175,Robbie Gould,SF,K,10,LAC,1.6,2,100,0,2.7,2.7,7.9,7.88
175,Michael Badgley,DET,K,12,BUF,1.6,1.7,100,0,2.7,2.7,7.9,7.88
175,Dustin Hopkins,LAC,K,3,JAX,1.6,1.9,100,0,2.7,2.7,7.9,7.88
175,Dustin Hopkins,LAC,K,6,DEN,1.6,1.9,100,0,2.7,2.7,7.9,7.88
175,Jason Sanders,MIA,K,9,CHI,1.6,1.9,100,0,2.7,2.7,7.9,7.88
175,Cameron Dicker,LAC,K,9,ATL,1.6,1.8,100,0,2.7,2.7,7.9,7.88
175,Wil Lutz,NO,K,8,LV,1.6,1.8,100,0,2.7,2.7,7.9,7.88
175,Evan McPherson,CIN,K,15,TB,1.6,1.9,100,0,2.7,2.7,7.9,7.88
175,Michael Badgley,DET,K,15,NYJ,1.6,1.8,100,0,2.7,2.7,7.9,7.88
175,Jason Sanders,MIA,K,16,GB,1.6,1.9,100,0,2.7,2.7,7.9,7.88
175,Michael Badgley,DET,K,16,CAR,1.6,1.8,100,0,2.7,2.7,7.9,7.88
187,Tyler Bass,BUF,K,4,BAL,1.5,1.7,100,0,3,3,7.9,7.86
188,Younghoe Koo,ATL,K,13,PIT,1.7,1.8,100,0,2.3,2.3,7.8,7.82
188,Greg Joseph,MIN,K,4,NO,1.7,2,100,0,2.3,2.3,7.8,7.82
188,Robbie Gould,SF,K,3,DEN,1.7,1.9,100,0,2.3,2.3,7.8,7.82
188,Graham Gano,NYG,K,6,BAL,1.7,2,100,0,2.3,2.3,7.8,7.82
188,Justin Tucker,BAL,K,15,CLE,1.7,1.8,100,0,2.3,2.3,7.8,7.82
188,Brett Maher,DAL,K,1,TB,1.7,1.9,100,0,2.3,2.3,7.8,7.82
194,Greg Zuerlein,NYJ,K,17,SEA,1.6,1.9,100,0,2.6,2.6,7.8,7.78
194,Tyler Bass,BUF,K,13,NE,1.6,1.7,100,0,2.6,2.6,7.8,7.78
194,Cameron Dicker,LAC,K,13,LV,1.6,1.8,100,0,2.6,2.6,7.8,7.78
194,Jason Sanders,MIA,K,5,NYJ,1.6,1.9,100,0,2.6,2.6,7.8,7.78
194,Dustin Hopkins,LAC,K,4,HOU,1.6,1.8,100,0,2.6,2.6,7.8,7.78
194,Jason Myers,SEA,K,12,LV,1.6,1.7,100,0,2.6,2.6,7.8,7.78
194,Robbie Gould,SF,K,6,ATL,1.6,1.9,100,0,2.6,2.6,7.8,7.78
194,Matt Prater,ARI,K,1,KC,1.6,1.8,100,0,2.6,2.6,7.8,7.78
202,Tyler Bass,BUF,K,16,CHI,1.5,1.7,100,0,2.9,2.9,7.8,7.76
203,Graham Gano,NYG,K,3,DAL,1.8,2,100,0,1.9,1.9,7.7,7.74
204,Greg Joseph,MIN,K,2,PHI,1.7,1.9,100,0,2.2,2.2,7.7,7.72
204,Cairo Santos,CHI,K,11,ATL,1.7,1.9,100,0,2.2,2.2,7.7,7.72
204,Chase McLaughlin,IND,K,8,WAS,1.7,1.8,100,0,2.2,2.2,7.7,7.72
204,Chase McLaughlin,IND,K,18,HOU,1.7,1.9,100,0,2.2,2.2,7.7,7.72
204,Graham Gano,NYG,K,7,JAX,1.7,1.9,100,0,2.2,2.2,7.7,7.72
204,Jason Myers,SEA,K,15,SF,1.7,1.8,100,0,2.2,2.2,7.7,7.72
204,Ryan Succop,TB,K,15,CIN,1.7,1.9,100,0,2.2,2.2,7.7,7.72
204,Nick Folk,NE,K,1,MIA,1.7,1.9,100,0,2.2,2.2,7.7,7.72
204,Graham Gano,NYG,K,16,MIN,1.7,1.8,100,0,2.2,2.2,7.7,7.72
204,Chase McLaughlin,IND,K,16,LAC,1.7,1.9,100,0,2.2,2.2,7.7,7.72
214,Wil Lutz,NO,K,5,SEA,1.6,1.9,100,0,2.5,2.5,7.7,7.68
214,Cade York,CLE,K,4,ATL,1.6,1.9,100,0,2.5,2.5,7.7,7.68
214,Evan McPherson,CIN,K,12,TEN,1.6,1.8,100,0,2.5,2.5,7.7,7.68
214,Matt Prater,ARI,K,12,LAC,1.6,1.8,100,0,2.5,2.5,7.7,7.68
214,Jason Myers,SEA,K,6,ARI,1.6,1.8,100,0,2.5,2.5,7.7,7.68
214,Greg Joseph,MIN,K,9,WAS,1.6,1.9,100,0,2.5,2.5,7.7,7.68
214,Robbie Gould,SF,K,11,ARI,1.6,1.8,100,0,2.5,2.5,7.7,7.68
214,Evan McPherson,CIN,K,11,PIT,1.6,1.8,100,0,2.5,2.5,7.7,7.68
214,Jason Sanders,MIA,K,7,PIT,1.6,1.9,100,0,2.5,2.5,7.7,7.68
214,Robbie Gould,SF,K,15,SEA,1.6,1.8,100,0,2.5,2.5,7.7,7.68
224,Cameron Dicker,PHI,K,5,ARI,1.5,1.9,100,0,2.8,2.8,7.7,7.66
224,Mason Crosby,GB,K,9,DET,1.5,1.7,100,0,2.8,2.8,7.7,7.66
224,Taylor Bertolet,LAC,K,7,SEA,1.5,1.8,100,0,2.8,2.8,7.7,7.66
227,Nick Folk,NE,K,17,MIA,1.7,2.1,100,0,2.1,2.1,7.6,7.62
227,Graham Gano,NYG,K,13,WAS,1.7,1.9,100,0,2.1,2.1,7.6,7.62
227,Younghoe Koo,ATL,K,5,TB,1.7,1.8,100,0,2.1,2.1,7.6,7.62
227,Randy Bullock,TEN,K,10,DEN,1.7,2,100,0,2.1,2.1,7.6,7.62
227,Younghoe Koo,ATL,K,2,LAR,1.7,1.9,100,0,2.1,2.1,7.6,7.62
227,Eddy Piñeiro,CAR,K,4,ARI,1.7,1.9,100,0,2.1,2.1,7.6,7.62
227,Daniel Carlson,LV,K,11,DEN,1.7,1.8,100,0,2.1,2.1,7.6,7.62
227,Younghoe Koo,ATL,K,7,CIN,1.7,1.8,100,0,2.1,2.1,7.6,7.62
227,Chase McLaughlin,IND,K,15,MIN,1.7,1.9,100,0,2.1,2.1,7.6,7.62
236,Joey Slye,WAS,K,17,CLE,1.6,1.9,100,0,2.4,2.4,7.6,7.58
236,Robbie Gould,SF,K,13,MIA,1.6,1.8,100,0,2.4,2.4,7.6,7.58
236,Cameron Dicker,LAC,K,14,MIA,1.6,1.8,100,0,2.4,2.4,7.6,7.58
236,Matt Gay,LAR,K,10,ARI,1.6,1.9,100,0,2.4,2.4,7.6,7.58
236,Dustin Hopkins,LAC,K,2,KC,1.6,1.8,100,0,2.4,2.4,7.6,7.58
236,Cade York,CLE,K,2,NYJ,1.6,1.8,100,0,2.4,2.4,7.6,7.58
236,Jason Sanders,MIA,K,4,CIN,1.6,1.9,100,0,2.4,2.4,7.6,7.58
236,Matt Prater,ARI,K,3,LAR,1.6,1.8,100,0,2.4,2.4,7.6,7.58
236,Nick Folk,NE,K,11,NYJ,1.6,1.8,100,0,2.4,2.4,7.6,7.58
236,Jason Myers,SEA,K,16,KC,1.6,1.8,100,0,2.4,2.4,7.6,7.58
236,Jake Elliott,PHI,K,16,DAL,1.6,1.9,100,0,2.4,2.4,7.6,7.58
236,Ryan Succop,TB,K,16,ARI,1.6,1.9,100,0,2.4,2.4,7.6,7.58
236,Cameron Dicker,LAC,K,16,IND,1.6,1.8,100,0,2.4,2.4,7.6,7.58
249,Nick Folk,NE,K,5,DET,1.5,1.7,100,0,2.7,2.7,7.6,7.56
249,Jake Elliott,PHI,K,11,IND,1.5,1.8,100,0,2.7,2.7,7.6,7.56
249,Mason Crosby,GB,K,1,MIN,1.5,1.7,100,0,2.7,2.7,7.6,7.56
252,Matt Gay,LAR,K,17,LAC,1.8,1.9,100,0,1.7,1.7,7.5,7.54
253,Chris Boswell,PIT,K,2,NE,1.7,1.8,100,0,2,2,7.5,7.52
253,Graham Gano,NYG,K,2,CAR,1.7,1.9,100,0,2,2,7.5,7.52
253,Graham Gano,NYG,K,12,DAL,1.7,1.9,100,0,2,2,7.5,7.52
253,Younghoe Koo,ATL,K,6,SF,1.7,1.8,100,0,2,2,7.5,7.52
253,Eddy Piñeiro,CAR,K,18,NO,1.7,1.8,100,0,2,2,7.5,7.52
253,Younghoe Koo,ATL,K,1,NO,1.7,1.9,100,0,2,2,7.5,7.52
253,Daniel Carlson,LV,K,16,PIT,1.7,1.8,100,0,2,2,7.5,7.52
260,Austin Seibert,DET,K,2,WAS,1.6,1.8,100,0,2.3,2.3,7.5,7.48
260,Wil Lutz,NO,K,2,TB,1.6,1.8,100,0,2.3,2.3,7.5,7.48
260,Matt Prater,ARI,K,4,CAR,1.6,1.9,100,0,2.3,2.3,7.5,7.48
260,Robbie Gould,SF,K,4,LAR,1.6,1.8,100,0,2.3,2.3,7.5,7.48
260,Chase McLaughlin,IND,K,4,TEN,1.6,1.8,100,0,2.3,2.3,7.5,7.48
260,Wil Lutz,NO,K,3,CAR,1.6,1.9,100,0,2.3,2.3,7.5,7.48
260,Jason Sanders,MIA,K,3,BUF,1.6,1.9,100,0,2.3,2.3,7.5,7.48
260,Austin Seibert,DET,K,3,MIN,1.6,1.8,100,0,2.3,2.3,7.5,7.48
260,Greg Joseph,MIN,K,6,MIA,1.6,1.8,100,0,2.3,2.3,7.5,7.48
260,Cairo Santos,CHI,K,9,MIA,1.6,1.8,100,0,2.3,2.3,7.5,7.48
260,Matt Gay,LAR,K,8,SF,1.6,1.8,100,0,2.3,2.3,7.5,7.48
260,Jason Sanders,MIA,K,18,NYJ,1.6,1.8,100,0,2.3,2.3,7.5,7.48
260,Riley Patterson,JAX,K,18,TEN,1.6,1.8,100,0,2.3,2.3,7.5,7.48
260,Jason Myers,SEA,K,7,LAC,1.6,1.8,100,0,2.3,2.3,7.5,7.48
260,Nick Folk,NE,K,15,LV,1.6,1.8,100,0,2.3,2.3,7.5,7.48
260,Robbie Gould,SF,K,16,WAS,1.6,1.9,100,0,2.3,2.3,7.5,7.48
276,Randy Bullock,TEN,K,5,WAS,1.5,1.8,100,0,2.6,2.6,7.5,7.46
276,Wil Lutz,NO,K,9,BAL,1.5,1.9,100,0,2.6,2.6,7.5,7.46
276,Michael Badgley,DET,K,8,MIA,1.5,1.7,100,0,2.6,2.6,7.5,7.46
276,Michael Badgley,DET,K,18,GB,1.5,1.6,100,0,2.6,2.6,7.5,7.46
280,Mason Crosby,GB,K,2,CHI,1.4,1.7,50,0,2.9,2.9,7.4,7.44
281,Ka'imi Fairbairn,HOU,K,17,JAX,1.7,1.9,100,0,1.9,1.9,7.4,7.42
281,Graham Gano,NYG,K,4,CHI,1.7,1.9,100,0,1.9,1.9,7.4,7.42
281,Chris Boswell,PIT,K,1,CIN,1.7,1.8,100,0,1.9,1.9,7.4,7.42
284,Matt Prater,ARI,K,17,ATL,1.6,1.7,100,0,2.2,2.2,7.4,7.38
284,Greg Joseph,MIN,K,17,GB,1.6,2,100,0,2.2,2.2,7.4,7.38
284,Brandon McManus,DEN,K,5,IND,1.6,1.8,100,0,2.2,2.2,7.4,7.38
284,Joey Slye,WAS,K,2,DET,1.6,1.8,100,0,2.2,2.2,7.4,7.38
284,Nick Folk,NE,K,2,PIT,1.6,1.8,100,0,2.2,2.2,7.4,7.38
284,Matt Gay,LAR,K,4,SF,1.6,1.7,100,0,2.2,2.2,7.4,7.38
284,Greg Zuerlein,NYJ,K,12,CHI,1.6,1.7,100,0,2.2,2.2,7.4,7.38
284,Chase McLaughlin,IND,K,6,JAX,1.6,1.9,100,0,2.2,2.2,7.4,7.38
284,Nick Folk,NE,K,8,NYJ,1.6,1.8,100,0,2.2,2.2,7.4,7.38
284,Daniel Carlson,LV,K,18,KC,1.6,1.8,100,0,2.2,2.2,7.4,7.38
284,Cameron Dicker,LAC,K,18,DEN,1.6,1.8,100,0,2.2,2.2,7.4,7.38
284,Chris Boswell,PIT,K,18,CLE,1.6,1.9,100,0,2.2,2.2,7.4,7.38
284,Younghoe Koo,ATL,K,15,NO,1.6,1.8,100,0,2.2,2.2,7.4,7.38
284,Austin Seibert,DET,K,1,PHI,1.6,1.9,100,0,2.2,2.2,7.4,7.38
284,Joey Slye,WAS,K,1,JAX,1.6,1.7,100,0,2.2,2.2,7.4,7.38
284,Nick Folk,NE,K,16,CIN,1.6,1.8,100,0,2.2,2.2,7.4,7.38
300,Mason Crosby,GB,K,5,NYG,1.5,1.8,100,0,2.5,2.5,7.4,7.36
300,Randy Bullock,TEN,K,3,LV,1.5,1.8,100,0,2.5,2.5,7.4,7.36
300,Ryan Succop,TB,K,3,GB,1.5,1.8,100,0,2.5,2.5,7.4,7.36
300,Michael Badgley,DET,K,9,GB,1.5,1.7,100,0,2.5,2.5,7.4,7.36
300,Greg Joseph,MIN,K,15,IND,1.5,1.7,100,0,2.5,2.5,7.4,7.36
305,Mason Crosby,GB,K,18,DET,1.4,1.6,50,0,2.8,2.8,7.3,7.34
306,Daniel Carlson,LV,K,17,SF,1.7,2,100,0,1.8,1.8,7.3,7.32
306,Justin Tucker,BAL,K,18,CIN,1.7,1.8,100,0,1.8,1.8,7.3,7.32
308,Graham Gano,NYG,K,14,PHI,1.6,1.8,100,0,2.1,2.1,7.3,7.28
308,Chase McLaughlin,IND,K,10,LV,1.6,1.9,100,0,2.1,2.1,7.3,7.28
308,Brandon McManus,DEN,K,4,LV,1.6,1.9,100,0,2.1,2.1,7.3,7.28
308,Greg Joseph,MIN,K,12,NE,1.6,1.9,100,0,2.1,2.1,7.3,7.28
308,Nick Folk,NE,K,12,MIN,1.6,1.8,100,0,2.1,2.1,7.3,7.28
308,Brandon McManus,DEN,K,3,SF,1.6,1.8,100,0,2.1,2.1,7.3,7.28
308,Wil Lutz,NO,K,7,ARI,1.6,1.8,100,0,2.1,2.1,7.3,7.28
308,Chris Boswell,PIT,K,16,LV,1.6,1.8,100,0,2.1,2.1,7.3,7.28
308,Eddy Piñeiro,CAR,K,16,DET,1.6,1.7,100,0,2.1,2.1,7.3,7.28
317,Greg Joseph,MIN,K,14,DET,1.5,1.7,100,0,2.4,2.4,7.3,7.26
317,Nick Folk,NE,K,14,ARI,1.5,1.8,100,0,2.4,2.4,7.3,7.26
317,Michael Badgley,DET,K,10,CHI,1.5,1.7,100,0,2.4,2.4,7.3,7.26
317,Matt Prater,ARI,K,2,LV,1.5,1.8,100,0,2.4,2.4,7.3,7.26
317,Chase McLaughlin,IND,K,3,KC,1.5,1.7,100,0,2.4,2.4,7.3,7.26
317,Randy Bullock,TEN,K,8,HOU,1.5,1.7,100,0,2.4,2.4,7.3,7.26
317,Randy Bullock,TEN,K,7,IND,1.5,1.7,100,0,2.4,2.4,7.3,7.26
324,Eddy Piñeiro,CAR,K,17,TB,1.7,1.8,100,0,1.7,1.7,7.2,7.22
324,Graham Gano,NYG,K,5,GB,1.7,1.8,100,0,1.7,1.7,7.2,7.22
326,Nick Folk,NE,K,13,BUF,1.6,1.8,100,0,2,2,7.2,7.18
326,Matthew Wright,PIT,K,10,NO,1.6,2,100,0,2,2,7.2,7.18
326,Younghoe Koo,ATL,K,12,WAS,1.6,1.7,100,0,2,2,7.2,7.18
326,Greg Zuerlein,NYJ,K,8,NE,1.6,1.8,100,0,2,2,7.2,7.18
326,Graham Gano,NYG,K,15,WAS,1.6,1.8,100,0,2,2,7.2,7.18
326,Eddy Piñeiro,CAR,K,15,PIT,1.6,1.8,100,0,2,2,7.2,7.18
326,Eddy Piñeiro,CAR,K,1,CLE,1.6,1.7,100,0,2,2,7.2,7.18
333,Michael Badgley,DET,K,5,NE,1.5,1.7,100,0,2.3,2.3,7.2,7.16
333,Chase McLaughlin,IND,K,2,JAX,1.5,1.8,100,0,2.3,2.3,7.2,7.16
333,Dominik Eberle,DET,K,4,SEA,1.5,1.8,100,0,2.3,2.3,7.2,7.16
333,Nick Folk,NE,K,6,CLE,1.5,1.7,100,0,2.3,2.3,7.2,7.16
333,Robbie Gould,SF,K,7,KC,1.5,1.8,100,0,2.3,2.3,7.2,7.16
333,Randy Bullock,TEN,K,16,HOU,1.5,1.6,100,0,2.3,2.3,7.2,7.16
339,Cade York,CLE,K,13,HOU,1.4,1.6,50,0,2.6,2.6,7.1,7.14
339,Mason Crosby,GB,K,4,NE,1.4,1.6,50,0,2.6,2.6,7.1,7.14
341,Jason Sanders,MIA,K,17,NE,1.6,1.9,100,0,1.9,1.9,7.1,7.08
341,Wil Lutz,NO,K,17,PHI,1.6,1.9,100,0,1.9,1.9,7.1,7.08
341,Chris Boswell,PIT,K,14,BAL,1.6,1.7,100,0,1.9,1.9,7.1,7.08
341,Eddy Piñeiro,CAR,K,3,NO,1.6,1.8,100,0,1.9,1.9,7.1,7.08
341,Brandon McManus,DEN,K,18,LAC,1.6,1.8,100,0,1.9,1.9,7.1,7.08
341,Matt Gay,LAR,K,16,DEN,1.6,1.8,100,0,1.9,1.9,7.1,7.08
347,Wil Lutz,NO,K,6,CIN,1.5,1.8,100,0,2.2,2.2,7.1,7.06
347,Brett Maher,DAL,K,6,PHI,1.5,1.7,100,0,2.2,2.2,7.1,7.06
347,Greg Joseph,MIN,K,11,DAL,1.5,1.8,100,0,2.2,2.2,7.1,7.06
347,Wil Lutz,NO,K,18,CAR,1.5,1.7,100,0,2.2,2.2,7.1,7.06
347,Chase McLaughlin,IND,K,7,TEN,1.5,1.7,100,0,2.2,2.2,7.1,7.06
347,Michael Badgley,DET,K,7,DAL,1.5,1.7,100,0,2.2,2.2,7.1,7.06
347,Joey Slye,WAS,K,15,NYG,1.5,1.7,100,0,2.2,2.2,7.1,7.06
347,Greg Zuerlein,NYJ,K,15,DET,1.5,1.8,100,0,2.2,2.2,7.1,7.06
355,Cade York,CLE,K,10,MIA,1.4,1.7,50,0,2.5,2.5,7,7.04
356,Chase McLaughlin,IND,K,17,NYG,1.6,1.8,100,0,1.8,1.8,7,6.98
356,Greg Zuerlein,NYJ,K,7,DEN,1.6,1.8,100,0,1.8,1.8,7,6.98
356,Chris Boswell,PIT,K,15,CAR,1.6,1.7,100,0,1.8,1.8,7,6.98
359,Greg Zuerlein,NYJ,K,13,MIN,1.5,1.7,100,0,2.1,2.1,7,6.96
359,Wil Lutz,NO,K,10,PIT,1.5,1.8,100,0,2.1,2.1,7,6.96
359,Eddy Piñeiro,CAR,K,10,ATL,1.5,1.7,100,0,2.1,2.1,7,6.96
359,Nick Folk,NE,K,3,BAL,1.5,1.7,100,0,2.1,2.1,7,6.96
359,Brandon McManus,DEN,K,11,LV,1.5,1.8,100,0,2.1,2.1,7,6.96
359,Wil Lutz,NO,K,11,LAR,1.5,1.8,100,0,2.1,2.1,7,6.96
359,Matt Gay,LAR,K,11,NO,1.5,1.7,100,0,2.1,2.1,7,6.96
359,Robbie Gould,SF,K,8,LAR,1.5,1.7,100,0,2.1,2.1,7,6.96
359,Riley Patterson,JAX,K,8,DEN,1.5,1.7,100,0,2.1,2.1,7,6.96
359,Ryan Succop,TB,K,18,ATL,1.5,1.7,100,0,2.1,2.1,7,6.96
359,Cade York,CLE,K,1,CAR,1.5,1.7,100,0,2.1,2.1,7,6.96
370,Jason Myers,SEA,K,4,DET,1.4,1.6,50,0,2.4,2.4,6.9,6.94
370,Mason Crosby,GB,K,15,LAR,1.4,1.6,50,0,2.4,2.4,6.9,6.94
372,Mason Crosby,GB,K,6,NYJ,1.3,1.6,50,0,2.7,2.7,6.9,6.92
373,Matt Gay,LAR,K,14,LV,1.5,1.6,100,0,2,2,6.9,6.86
373,Robbie Gould,SF,K,14,TB,1.5,1.8,100,0,2,2,6.9,6.86
373,Greg Joseph,MIN,K,10,BUF,1.5,1.7,100,0,2,2,6.9,6.86
373,Mason Crosby,GB,K,10,DAL,1.5,1.8,100,0,2,2,6.9,6.86
373,Cameron Dicker,LAC,K,10,SF,1.5,1.6,100,0,2,2,6.9,6.86
373,Brandon McManus,DEN,K,12,CAR,1.5,1.7,100,0,2,2,6.9,6.86
373,Cairo Santos,CHI,K,3,HOU,1.5,1.7,100,0,2,2,6.9,6.86
373,Brett Maher,DAL,K,3,NYG,1.5,1.7,100,0,2,2,6.9,6.86
373,Cairo Santos,CHI,K,6,WAS,1.5,1.7,100,0,2,2,6.9,6.86
373,Brandon McManus,DEN,K,6,LAC,1.5,1.8,100,0,2,2,6.9,6.86
373,Matt Gay,LAR,K,9,TB,1.5,1.8,100,0,2,2,6.9,6.86
373,Brandon McManus,DEN,K,15,ARI,1.5,1.7,100,0,2,2,6.9,6.86
373,Riley Patterson,JAX,K,1,WAS,1.5,1.6,100,0,2,2,6.9,6.86
386,Cade York,CLE,K,5,LAC,1.4,1.7,50,0,2.3,2.3,6.8,6.84
386,Matthew Wright,KC,K,4,TB,1.4,1.7,50,0,2.3,2.3,6.8,6.84
386,Michael Badgley,DET,K,11,NYG,1.4,1.5,50,0,2.3,2.3,6.8,6.84
386,Randy Bullock,TEN,K,15,LAC,1.4,1.6,50,0,2.3,2.3,6.8,6.84
390,Brandon McManus,DEN,K,17,KC,1.6,1.9,100,0,1.6,1.6,6.8,6.78
390,Chase McLaughlin,IND,K,9,NE,1.6,1.8,100,0,1.6,1.6,6.8,6.78
392,Matthew Wright,PIT,K,13,ATL,1.5,1.7,100,0,1.9,1.9,6.8,6.76
392,Ryan Succop,TB,K,14,SF,1.5,1.7,100,0,1.9,1.9,6.8,6.76
392,Ka'imi Fairbairn,HOU,K,5,JAX,1.5,1.7,100,0,1.9,1.9,6.8,6.76
392,Greg Zuerlein,NYJ,K,5,MIA,1.5,1.6,100,0,1.9,1.9,6.8,6.76
392,Eddy Piñeiro,CAR,K,2,NYG,1.5,1.6,100,0,1.9,1.9,6.8,6.76
392,Ka'imi Fairbairn,HOU,K,4,LAC,1.5,1.6,100,0,1.9,1.9,6.8,6.76
392,Greg Zuerlein,NYJ,K,3,CIN,1.5,1.7,100,0,1.9,1.9,6.8,6.76
392,Ka'imi Fairbairn,HOU,K,11,WAS,1.5,1.7,100,0,1.9,1.9,6.8,6.76
392,Ka'imi Fairbairn,HOU,K,8,TEN,1.5,1.7,100,0,1.9,1.9,6.8,6.76
392,Matt Gay,LAR,K,18,SEA,1.5,1.6,100,0,1.9,1.9,6.8,6.76
392,Chris Boswell,PIT,K,7,MIA,1.5,1.7,100,0,1.9,1.9,6.8,6.76
392,Brandon McManus,DEN,K,7,NYJ,1.5,1.7,100,0,1.9,1.9,6.8,6.76
392,Matt Prater,ARI,K,15,DEN,1.5,1.7,100,0,1.9,1.9,6.8,6.76
392,Matt Gay,LAR,K,15,GB,1.5,1.6,100,0,1.9,1.9,6.8,6.76
392,Ka'imi Fairbairn,HOU,K,1,IND,1.5,1.6,100,0,1.9,1.9,6.8,6.76
392,Greg Zuerlein,NYJ,K,1,BAL,1.5,1.7,100,0,1.9,1.9,6.8,6.76
392,Younghoe Koo,ATL,K,16,BAL,1.5,1.7,100,0,1.9,1.9,6.8,6.76
392,Brandon McManus,DEN,K,16,LAR,1.5,1.8,100,0,1.9,1.9,6.8,6.76
410,Chris Boswell,PIT,K,17,BAL,1.4,1.9,50,0,2.2,2.2,6.7,6.74
410,Greg Joseph,MIN,K,13,NYJ,1.4,1.7,50,0,2.2,2.2,6.7,6.74
410,Jason Myers,SEA,K,5,NO,1.4,1.7,50,0,2.2,2.2,6.7,6.74
410,Matt Ammendola,ARI,K,5,PHI,1.4,1.7,50,0,2.2,2.2,6.7,6.74
410,Riley Patterson,JAX,K,4,PHI,1.4,1.7,50,0,2.2,2.2,6.7,6.74
410,Jason Myers,SEA,K,3,ATL,1.4,1.6,50,0,2.2,2.2,6.7,6.74
410,Jason Sanders,MIA,K,6,MIN,1.4,1.6,50,0,2.2,2.2,6.7,6.74
410,Joey Slye,WAS,K,11,HOU,1.4,1.6,50,0,2.2,2.2,6.7,6.74
410,Cade York,CLE,K,8,CIN,1.4,1.7,50,0,2.2,2.2,6.7,6.74
410,Riley Patterson,JAX,K,7,NYG,1.4,1.6,50,0,2.2,2.2,6.7,6.74
410,Jason Sanders,MIA,K,15,BUF,1.4,1.6,50,0,2.2,2.2,6.7,6.74
410,Cairo Santos,CHI,K,15,PHI,1.4,1.5,50,0,2.2,2.2,6.7,6.74
422,Riley Patterson,JAX,K,9,LV,1.3,1.6,50,0,2.5,2.5,6.7,6.72
423,Brandon McManus,DEN,K,13,BAL,1.5,1.7,100,0,1.8,1.8,6.7,6.66
423,Brandon McManus,DEN,K,10,TEN,1.5,1.8,100,0,1.8,1.8,6.7,6.66
423,Greg Zuerlein,NYJ,K,4,PIT,1.5,1.7,100,0,1.8,1.8,6.7,6.66
423,Matthew Wright,PIT,K,12,IND,1.5,1.6,100,0,1.8,1.8,6.7,6.66
423,Ka'imi Fairbairn,HOU,K,3,CHI,1.5,1.7,100,0,1.8,1.8,6.7,6.66
423,Matthew Wright,PIT,K,11,CIN,1.5,1.6,100,0,1.8,1.8,6.7,6.66
423,Nick Folk,NE,K,18,BUF,1.5,1.6,100,0,1.8,1.8,6.7,6.66
423,Graham Gano,NYG,K,1,TEN,1.5,1.7,100,0,1.8,1.8,6.7,6.66
431,Cade York,CLE,K,17,WAS,1.4,1.9,50,0,2.1,2.1,6.6,6.64
431,Cairo Santos,CHI,K,13,GB,1.4,1.5,50,0,2.1,2.1,6.6,6.64
431,Matt Prater,ARI,K,14,NE,1.4,1.6,50,0,2.1,2.1,6.6,6.64
431,Joey Slye,WAS,K,12,ATL,1.4,1.5,50,0,2.1,2.1,6.6,6.64
431,Cade York,CLE,K,3,PIT,1.4,1.7,50,0,2.1,2.1,6.6,6.64
431,Riley Patterson,JAX,K,3,LAC,1.4,1.6,50,0,2.1,2.1,6.6,6.64
431,Cairo Santos,CHI,K,18,MIN,1.4,1.5,50,0,2.1,2.1,6.6,6.64
438,Mason Crosby,GB,K,13,CHI,1.3,1.4,100,0,2.4,2.4,6.6,6.62
438,Mason Crosby,GB,K,16,MIA,1.3,1.4,100,0,2.4,2.4,6.6,6.62
440,Ka'imi Fairbairn,HOU,K,10,NYG,1.5,1.8,100,0,1.7,1.7,6.6,6.56
440,Chris Boswell,PIT,K,3,CLE,1.5,1.7,100,0,1.7,1.7,6.6,6.56
440,Chris Boswell,PIT,K,6,TB,1.5,1.7,100,0,1.7,1.7,6.6,6.56
440,Cairo Santos,CHI,K,8,DAL,1.5,1.6,100,0,1.7,1.7,6.6,6.56
444,Ka'imi Fairbairn,HOU,K,13,CLE,1.4,1.5,50,0,2,2,6.5,6.54
444,Joey Slye,WAS,K,13,NYG,1.4,1.5,50,0,2,2,6.5,6.54
444,Eddy Piñeiro,CAR,K,14,SEA,1.4,1.6,50,0,2,2,6.5,6.54
444,Chase McLaughlin,IND,K,5,DEN,1.4,1.7,50,0,2,2,6.5,6.54
444,Jason Sanders,MIA,K,2,BAL,1.4,1.6,50,0,2,2,6.5,6.54
444,Brett Maher,DAL,K,2,CIN,1.4,1.6,50,0,2,2,6.5,6.54
444,Wil Lutz,NO,K,4,MIN,1.4,1.6,50,0,2,2,6.5,6.54
444,Randy Bullock,TEN,K,9,KC,1.4,1.6,50,0,2,2,6.5,6.54
444,Graham Gano,NYG,K,18,PHI,1.4,1.6,50,0,2,2,6.5,6.54
444,Ka'imi Fairbairn,HOU,K,7,LV,1.4,1.6,50,0,2,2,6.5,6.54
444,Jason Myers,SEA,K,1,DEN,1.4,1.6,50,0,2,2,6.5,6.54
444,Greg Zuerlein,NYJ,K,16,JAX,1.4,1.6,50,0,2,2,6.5,6.54
456,Riley Patterson,JAX,K,13,DET,1.3,1.5,50,0,2.3,2.3,6.5,6.52
456,Cade York,CLE,K,14,CIN,1.3,1.6,50,0,2.3,2.3,6.5,6.52
456,Randy Bullock,TEN,K,14,JAX,1.3,1.4,100,0,2.3,2.3,6.5,6.52
456,Riley Patterson,JAX,K,10,KC,1.3,1.5,50,0,2.3,2.3,6.5,6.52
456,Cade York,CLE,K,6,NE,1.3,1.6,50,0,2.3,2.3,6.5,6.52
456,Mason Crosby,GB,K,7,WAS,1.3,1.5,50,0,2.3,2.3,6.5,6.52
462,Eddy Piñeiro,CAR,K,9,CIN,1.5,1.7,100,0,1.6,1.6,6.5,6.46
463,Chase McLaughlin,IND,K,13,DAL,1.4,1.6,50,0,1.9,1.9,6.4,6.44
463,Joey Slye,WAS,K,3,PHI,1.4,1.6,50,0,1.9,1.9,6.4,6.44
463,Greg Zuerlein,NYJ,K,6,GB,1.4,1.6,50,0,1.9,1.9,6.4,6.44
463,Joey Slye,WAS,K,9,MIN,1.4,1.6,50,0,1.9,1.9,6.4,6.44
463,Brandon McManus,DEN,K,8,JAX,1.4,1.7,50,0,1.9,1.9,6.4,6.44
463,Eddy Piñeiro,CAR,K,8,ATL,1.4,1.6,50,0,1.9,1.9,6.4,6.44
463,Matt Prater,ARI,K,16,TB,1.4,1.6,50,0,1.9,1.9,6.4,6.44
470,Jason Sanders,MIA,K,13,SF,1.3,1.5,50,0,2.2,2.2,6.4,6.42
470,Randy Bullock,TEN,K,4,IND,1.3,1.5,50,0,2.2,2.2,6.4,6.42
470,Mason Crosby,GB,K,3,TB,1.3,1.5,50,0,2.2,2.2,6.4,6.42
470,Mason Crosby,GB,K,11,TEN,1.3,1.5,50,0,2.2,2.2,6.4,6.42
474,Brandon McManus,DEN,K,14,KC,1.4,1.6,50,0,1.8,1.8,6.3,6.34
474,Joey Slye,WAS,K,4,DAL,1.4,1.6,50,0,1.8,1.8,6.3,6.34
474,Greg Zuerlein,NYJ,K,11,NE,1.4,1.6,50,0,1.8,1.8,6.3,6.34
474,Chase McLaughlin,IND,K,11,PHI,1.4,1.7,50,0,1.8,1.8,6.3,6.34
474,Cairo Santos,CHI,K,1,SF,1.4,1.5,50,0,1.8,1.8,6.3,6.34
479,Randy Bullock,TEN,K,13,PHI,1.3,1.4,100,0,2.1,2.1,6.3,6.32
479,Randy Bullock,TEN,K,2,BUF,1.3,1.6,50,0,2.1,2.1,6.3,6.32
479,Riley Patterson,JAX,K,6,IND,1.3,1.5,50,0,2.1,2.1,6.3,6.32
479,Matt Prater,ARI,K,8,MIN,1.3,1.4,100,0,2.1,2.1,6.3,6.32
479,Cade York,CLE,K,7,BAL,1.3,1.5,50,0,2.1,2.1,6.3,6.32
479,Cade York,CLE,K,15,BAL,1.3,1.6,50,0,2.1,2.1,6.3,6.32
479,Riley Patterson,JAX,K,15,DAL,1.3,1.6,50,0,2.1,2.1,6.3,6.32
486,Eddy Piñeiro,CAR,K,12,DEN,1.4,1.6,50,0,1.7,1.7,6.2,6.24
486,Greg Zuerlein,NYJ,K,9,BUF,1.4,1.7,50,0,1.7,1.7,6.2,6.24
486,Greg Zuerlein,NYJ,K,18,MIA,1.4,1.5,50,0,1.7,1.7,6.2,6.24
486,Joey Slye,WAS,K,18,DAL,1.4,1.6,50,0,1.7,1.7,6.2,6.24
490,Wil Lutz,NO,K,13,TB,1.3,1.5,50,0,2,2,6.2,6.22
490,Joey Slye,WAS,K,5,TEN,1.3,1.5,50,0,2,2,6.2,6.22
490,Cade York,CLE,K,11,BUF,1.3,1.5,50,0,2,2,6.2,6.22
490,Joey Slye,WAS,K,8,IND,1.3,1.5,50,0,2,2,6.2,6.22
490,Randy Bullock,TEN,K,18,JAX,1.3,1.5,50,0,2,2,6.2,6.22
495,Mason Crosby,GB,K,12,PHI,1.2,1.4,100,0,2.3,2.3,6.2,6.18
496,Chris Boswell,PIT,K,5,BUF,1.4,1.5,50,0,1.6,1.6,6.1,6.14
496,Eddy Piñeiro,CAR,K,6,LAR,1.4,1.6,50,0,1.6,1.6,6.1,6.14
496,Ka'imi Fairbairn,HOU,K,9,PHI,1.4,1.5,50,0,1.6,1.6,6.1,6.14
499,Randy Bullock,TEN,K,17,DAL,1.3,1.5,50,0,1.9,1.9,6.1,6.12
499,Cairo Santos,CHI,K,5,MIN,1.3,1.5,50,0,1.9,1.9,6.1,6.12
499,Cairo Santos,CHI,K,12,NYJ,1.3,1.4,100,0,1.9,1.9,6.1,6.12
499,Wil Lutz,NO,K,12,SF,1.3,1.5,50,0,1.9,1.9,6.1,6.12
499,Matt Prater,ARI,K,11,SF,1.3,1.5,50,0,1.9,1.9,6.1,6.12
499,Joey Slye,WAS,K,7,GB,1.3,1.5,50,0,1.9,1.9,6.1,6.12
499,Cairo Santos,CHI,K,16,BUF,1.3,1.5,50,0,1.9,1.9,6.1,6.12
506,Joey Slye,WAS,K,16,SF,1.4,1.6,50,0,1.5,1.5,6,6.04
507,Joey Slye,WAS,K,10,PHI,1.3,1.6,50,0,1.8,1.8,6,6.02
507,Greg Zuerlein,NYJ,K,2,CLE,1.3,1.5,50,0,1.8,1.8,6,6.02
507,Riley Patterson,JAX,K,2,IND,1.3,1.5,50,0,1.8,1.8,6,6.02
507,Ka'imi Fairbairn,HOU,K,18,IND,1.3,1.5,50,0,1.8,1.8,6,6.02
511,Cade York,CLE,K,12,TB,1.2,1.4,100,0,2.1,2.1,6,5.98
511,Cade York,CLE,K,18,PIT,1.2,1.6,50,0,2.1,2.1,6,5.98
511,Cade York,CLE,K,16,NO,1.2,1.4,100,0,2.1,2.1,6,5.98
514,Cairo Santos,CHI,K,2,GB,1.3,1.5,50,0,1.7,1.7,5.9,5.92
514,Cairo Santos,CHI,K,7,NE,1.3,1.5,50,0,1.7,1.7,5.9,5.92
514,Ka'imi Fairbairn,HOU,K,15,KC,1.3,1.5,50,0,1.7,1.7,5.9,5.92
514,Ka'imi Fairbairn,HOU,K,16,TEN,1.3,1.4,100,0,1.7,1.7,5.9,5.92
518,Matt Gay,LAR,K,13,SEA,1.2,1.4,100,0,2,2,5.9,5.88
519,Eddy Piñeiro,CAR,K,5,SF,1.3,1.5,50,0,1.6,1.6,5.8,5.82
519,Eddy Piñeiro,CAR,K,11,BAL,1.3,1.5,50,0,1.6,1.6,5.8,5.82
521,Caleb Shudak,TEN,K,12,CIN,1.2,1.3,100,0,1.9,1.9,5.8,5.78
521,Riley Patterson,JAX,K,12,BAL,1.2,1.4,100,0,1.9,1.9,5.8,5.78
521,Riley Patterson,JAX,K,16,NYJ,1.2,1.4,100,0,1.9,1.9,5.8,5.78
524,Matt Prater,ARI,K,18,SF,1.3,1.4,100,0,1.5,1.5,5.7,5.72
524,Eddy Piñeiro,CAR,K,7,TB,1.3,1.4,100,0,1.5,1.5,5.7,5.72
526,Greg Zuerlein,NYJ,K,14,BUF,1.2,1.4,100,0,1.8,1.8,5.7,5.68
526,Riley Patterson,JAX,K,14,TEN,1.2,1.4,100,0,1.8,1.8,5.7,5.68
526,Jason Myers,SEA,K,2,SF,1.2,1.4,100,0,1.8,1.8,5.7,5.68
526,Ka'imi Fairbairn,HOU,K,2,DEN,1.2,1.4,100,0,1.8,1.8,5.7,5.68
526,Nick Folk,NE,K,4,GB,1.2,1.4,100,0,1.8,1.8,5.7,5.68
526,Ka'imi Fairbairn,HOU,K,12,MIA,1.2,1.4,100,0,1.8,1.8,5.7,5.68
526,Matt Gay,LAR,K,12,KC,1.2,1.3,100,0,1.8,1.8,5.7,5.68
526,Joey Slye,WAS,K,6,CHI,1.2,1.4,100,0,1.8,1.8,5.7,5.68
526,Wil Lutz,NO,K,16,CLE,1.2,1.4,100,0,1.8,1.8,5.7,5.68
535,Mason Crosby,GB,K,8,BUF,1.1,1.3,100,0,1.9,1.9,5.5,5.46
536,Ka'imi Fairbairn,HOU,K,14,DAL,1.2,1.4,100,0,1.5,1.5,5.4,5.38
536,Tristan Vizcaino,ARI,K,10,LAR,1.2,1.3,100,0,1.5,1.5,5.4,5.38
538,Caleb Shudak,TEN,K,14,JAX,0.9,1.3,100,0,1.8,1.8,4.7,4.72
539,Tristan Vizcaino,NE,K,12,MIN,0.9,1.1,100,0,1.2,1.2,4.1,4.12
540,Rodrigo Blankenship,ARI,K,8,MIN,0.5,0.6,0,0,0.8,0.8,2.4,2.42
541,Taylor Bertolet,LAC,K,6,DEN,0.4,0.5,0,0,0.4,0.4,1.7,1.68
542,Aldrick Rosas,DET,K,2,WAS,0.2,0.2,0,0,0.1,0.1,0.7,0.74
543,Matthew Wright,KC,K,6,BUF,0.1,0.1,0,0,0.2,0.2,0.5,0.52
544,Harrison Butker,KC,K,2,LAC,0,0,0,0,0,0,0.4,0.44
545,Dustin Hopkins,LAC,K,10,SF,0,0,0,0,0,0,0.4,0.42
545,James McCourt,JAX,K,4,PHI,0.1,0.1,0,0,0.1,0.1,0.4,0.42
545,Dustin Hopkins,LAC,K,12,ARI,0,0,0,0,0,0,0.4,0.42
545,Quinn Nordin,NE,K,3,BAL,0.1,0.1,0,0,0.1,0.1,0.4,0.42
545,Quinn Nordin,NE,K,1,MIA,0.1,0.1,0,0,0.1,0.1,0.4,0.42
550,Harrison Butker,KC,K,5,LV,0,0,0,0,0,0,0.4,0.38
550,Matt Ammendola,KC,K,3,IND,0,0,0,0,0,0,0.4,0.38
552,Matt Ammendola,ARI,K,6,SEA,0,0,0,0,0,0,0.4,0.36
552,Josh Lambo,TEN,K,11,GB,0,0,0,0,0,0,0.4,0.36
554,Matt Prater,ARI,K,10,LAR,0,0,0,0,0,0,0.3,0.34
554,Chris Boswell,PIT,K,8,PHI,0,0,0,0,0,0,0.3,0.34
554,Matthew Wright,KC,K,18,LV,0,0,0,0,0,0,0.3,0.34
557,Dustin Hopkins,LAC,K,5,CLE,0,0,0,0,0,0,0.3,0.32
557,Chris Boswell,PIT,K,10,NO,0,0,0,0,0,0,0.3,0.32
557,Michael Badgley,CHI,K,4,NYG,0,0,0,0,0,0,0.3,0.32
557,Randy Bullock,TEN,K,11,GB,0,0,0,0,0,0,0.3,0.32
561,Taylor Bertolet,LAC,K,9,ATL,0,0,0,0,0,0,0.3,0.28
562,Dustin Hopkins,LAC,K,7,SEA,0,0,0,0,0,0,0.2,0.24
563,Tristan Vizcaino,NE,K,14,ARI,0,0,0,0,0,0,0.2,0.18
563,Cairo Santos,CHI,K,4,NYG,0,0,0,0,0,0,0.2,0.18
565,Cameron Dicker,PHI,K,6,DAL,0,0,0,0,0,0,0.1,0.14
565,Dustin Hopkins,LAC,K,9,ATL,0,0,0,0,0,0,0.1,0.14
565,Zane Gonzalez,CAR,K,1,CLE,0,0,0,0,0,0,0.1,0.14
568,Matt Prater,ARI,K,7,NO,0,0,0,0,0,0,0.1,0.12
569,Tristan Vizcaino,NE,K,3,BAL,0,0,0,0,0.1,0.1,0.1,0.1
570,Austin Seibert,DET,K,4,SEA,0,0,0,0,0,0,0.1,0.08
570,Matt Prater,ARI,K,6,SEA,0,0,0,0,0,0,0.1,0.08
572,Harrison Butker,KC,K,3,IND,0,0,0,0,0,0,0.1,0.06
573,Matt Prater,ARI,K,5,PHI,0,0,0,0,0,0,0,0.04
573,Jake Elliott,PHI,K,5,ARI,0,0,0,0,0,0,0,0.04
573,Harrison Butker,KC,K,4,TB,0,0,0,0,0,0,0,0.04
573,Randy Bullock,TEN,K,12,CIN,0,0,0,0,0,0,0,0.04
573,Dustin Hopkins,LAC,K,11,KC,0,0,0,0,0,0,0,0.04
578,Quinn Nordin,NE,K,5,DET,0,0,0,0,0,0,0,0.02
579,Quinn Nordin,NE,K,17,MIA,0,0,0,0,0,0,0,0
579,Dustin Hopkins,LAC,K,17,LAR,0,0,0,0,0,0,0,0
579,Zane Gonzalez,CAR,K,17,TB,0,0,0,0,0,0,0,0
579,Taylor Bertolet,LAC,K,17,LAR,0,0,0,0,0,0,0,0
579,Caleb Shudak,TEN,K,17,DAL,0,0,0,0,0,0,0,0
579,Sam Ficken,DET,K,17,CHI,0,0,0,0,0,0,0,0
579,James McCourt,JAX,K,17,HOU,0,0,0,0,0,0,0,0
579,Ramiz Ahmed,GB,K,17,MIN,0,0,0,0,0,0,0,0
579,Tristan Vizcaino,NE,K,17,MIA,0,0,0,0,0,0,0,0
579,Quinn Nordin,NE,K,13,BUF,0,0,0,0,0,0,0,0
579,Dustin Hopkins,LAC,K,13,LV,0,0,0,0,0,0,0,0
579,Sam Ficken,DET,K,13,JAX,0,0,0,0,0,0,0,0
579,Taylor Bertolet,LAC,K,13,LV,0,0,0,0,0,0,0,0
579,Ramiz Ahmed,GB,K,13,CHI,0,0,0,0,0,0,0,0
579,James McCourt,JAX,K,13,DET,0,0,0,0,0,0,0,0
579,Tristan Vizcaino,NE,K,13,BUF,0,0,0,0,0,0,0,0
579,Chris Boswell,PIT,K,13,ATL,0,0,0,0,0,0,0,0
579,Dustin Hopkins,LAC,K,14,MIA,0,0,0,0,0,0,0,0
579,Zane Gonzalez,CAR,K,14,SEA,0,0,0,0,0,0,0,0
579,Taylor Bertolet,LAC,K,14,MIA,0,0,0,0,0,0,0,0
579,James McCourt,JAX,K,14,TEN,0,0,0,0,0,0,0,0
579,Quinn Nordin,NE,K,14,ARI,0,0,0,0,0,0,0,0
579,Sam Ficken,DET,K,14,MIN,0,0,0,0,0,0,0,0
579,Ramiz Ahmed,GB,K,5,NYG,0,0,0,0,0,0,0,0
579,Caleb Shudak,TEN,K,5,WAS,0,0,0,0,0,0,0,0
579,Zane Gonzalez,CAR,K,5,SF,0,0,0,0,0,0,0,0
579,James McCourt,JAX,K,5,HOU,0,0,0,0,0,0,0,0
579,Taylor Bertolet,LAC,K,5,CLE,0,0,0,0,0,0,0,0
579,Tristan Vizcaino,NE,K,5,DET,0,0,0,0,0,0,0,0
579,Zane Gonzalez,CAR,K,10,ATL,0,0,0,0,0,0,0,0
579,James McCourt,JAX,K,10,KC,0,0,0,0,0,0,0,0
579,Ramiz Ahmed,GB,K,10,DAL,0,0,0,0,0,0,0,0
579,Caleb Shudak,TEN,K,10,DEN,0,0,0,0,0,0,0,0
579,Sam Ficken,DET,K,10,CHI,0,0,0,0,0,0,0,0
579,Taylor Bertolet,LAC,K,10,SF,0,0,0,0,0,0,0,0
579,Zane Gonzalez,CAR,K,2,NYG,0,0,0,0,0,0,0,0
579,Quinn Nordin,NE,K,2,PIT,0,0,0,0,0,0,0,0
579,Caleb Shudak,TEN,K,2,BUF,0,0,0,0,0,0,0,0
579,Ramiz Ahmed,GB,K,2,CHI,0,0,0,0,0,0,0,0
579,James McCourt,JAX,K,2,IND,0,0,0,0,0,0,0,0
579,Dominik Eberle,DET,K,2,WAS,0,0,0,0,0,0,0,0
579,Lucas Havrisik,IND,K,2,JAX,0,0,0,0,0,0,0,0
579,Caleb Shudak,TEN,K,4,IND,0,0,0,0,0,0,0,0
579,Zane Gonzalez,CAR,K,4,ARI,0,0,0,0,0,0,0,0
579,Quinn Nordin,NE,K,4,GB,0,0,0,0,0,0,0,0
579,Ramiz Ahmed,GB,K,4,NE,0,0,0,0,0,0,0,0
579,Tristan Vizcaino,NE,K,4,GB,0,0,0,0,0,0,0,0
579,Quinn Nordin,NE,K,12,MIN,0,0,0,0,0,0,0,0
579,Sam Ficken,DET,K,12,BUF,0,0,0,0,0,0,0,0
579,Zane Gonzalez,CAR,K,12,DEN,0,0,0,0,0,0,0,0
579,Chris Boswell,PIT,K,12,IND,0,0,0,0,0,0,0,0
579,James McCourt,JAX,K,12,BAL,0,0,0,0,0,0,0,0
579,Ramiz Ahmed,GB,K,12,PHI,0,0,0,0,0,0,0,0
579,Taylor Bertolet,LAC,K,12,ARI,0,0,0,0,0,0,0,0
579,Zane Gonzalez,CAR,K,3,NO,0,0,0,0,0,0,0,0
579,Caleb Shudak,TEN,K,3,LV,0,0,0,0,0,0,0,0
579,James McCourt,JAX,K,3,LAC,0,0,0,0,0,0,0,0
579,Dominik Eberle,DET,K,3,MIN,0,0,0,0,0,0,0,0
579,Ramiz Ahmed,GB,K,3,TB,0,0,0,0,0,0,0,0
579,Quinn Nordin,NE,K,6,CLE,0,0,0,0,0,0,0,0
579,Zane Gonzalez,CAR,K,6,LAR,0,0,0,0,0,0,0,0
579,Ramiz Ahmed,GB,K,6,NYJ,0,0,0,0,0,0,0,0
579,James McCourt,JAX,K,6,IND,0,0,0,0,0,0,0,0
579,Tristan Vizcaino,NE,K,6,CLE,0,0,0,0,0,0,0,0
579,Zane Gonzalez,CAR,K,9,CIN,0,0,0,0,0,0,0,0
579,Quinn Nordin,NE,K,9,IND,0,0,0,0,0,0,0,0
579,Caleb Shudak,TEN,K,9,KC,0,0,0,0,0,0,0,0
579,James McCourt,JAX,K,9,LV,0,0,0,0,0,0,0,0
579,Matthew Wright,KC,K,9,TEN,0,0,0,0,0,0,0,0
579,Ramiz Ahmed,GB,K,9,DET,0,0,0,0,0,0,0,0
579,Sam Ficken,DET,K,9,GB,0,0,0,0,0,0,0,0
579,Caleb Shudak,TEN,K,11,GB,0,0,0,0,0,0,0,0
579,Quinn Nordin,NE,K,11,NYJ,0,0,0,0,0,0,0,0
579,Zane Gonzalez,CAR,K,11,BAL,0,0,0,0,0,0,0,0
579,Chris Boswell,PIT,K,11,CIN,0,0,0,0,0,0,0,0
579,Ramiz Ahmed,GB,K,11,TEN,0,0,0,0,0,0,0,0
579,Sam Ficken,DET,K,11,NYG,0,0,0,0,0,0,0,0
579,Taylor Bertolet,LAC,K,11,KC,0,0,0,0,0,0,0,0
579,Zane Gonzalez,CAR,K,8,ATL,0,0,0,0,0,0,0,0
579,Caleb Shudak,TEN,K,8,HOU,0,0,0,0,0,0,0,0
579,James McCourt,JAX,K,8,DEN,0,0,0,0,0,0,0,0
579,Sam Ficken,DET,K,8,MIA,0,0,0,0,0,0,0,0
579,Tristan Vizcaino,NE,K,8,NYJ,0,0,0,0,0,0,0,0
579,Nick Sciba,PIT,K,8,PHI,0,0,0,0,0,0,0,0
579,Quinn Nordin,NE,K,8,NYJ,0,0,0,0,0,0,0,0
579,Ramiz Ahmed,GB,K,8,BUF,0,0,0,0,0,0,0,0
579,Quinn Nordin,NE,K,18,BUF,0,0,0,0,0,0,0,0
579,Dustin Hopkins,LAC,K,18,DEN,0,0,0,0,0,0,0,0
579,Zane Gonzalez,CAR,K,18,NO,0,0,0,0,0,0,0,0
579,Tristan Vizcaino,NE,K,18,BUF,0,0,0,0,0,0,0,0
579,Sam Ficken,DET,K,18,GB,0,0,0,0,0,0,0,0
579,Ramiz Ahmed,GB,K,18,DET,0,0,0,0,0,0,0,0
579,James McCourt,JAX,K,18,TEN,0,0,0,0,0,0,0,0
579,Caleb Shudak,TEN,K,18,JAX,0,0,0,0,0,0,0,0
579,Taylor Bertolet,LAC,K,18,DEN,0,0,0,0,0,0,0,0
579,Matt Ammendola,GB,K,18,DET,0,0,0,0,0,0,0,0
579,Austin Seibert,DET,K,7,DAL,0,0,0,0,0,0,0,0
579,Zane Gonzalez,CAR,K,7,TB,0,0,0,0,0,0,0,0
579,Caleb Shudak,TEN,K,7,IND,0,0,0,0,0,0,0,0
579,Quinn Nordin,NE,K,7,CHI,0,0,0,0,0,0,0,0
579,Matthew Wright,KC,K,7,SF,0,0,0,0,0,0,0,0
579,James McCourt,JAX,K,7,NYG,0,0,0,0,0,0,0,0
579,Ramiz Ahmed,GB,K,7,WAS,0,0,0,0,0,0,0,0
579,Tristan Vizcaino,NE,K,7,CHI,0,0,0,0,0,0,0,0
579,Matt Ammendola,ARI,K,7,NO,0,0,0,0,0,0,0,0
579,Zane Gonzalez,CAR,K,15,PIT,0,0,0,0,0,0,0,0
579,Dustin Hopkins,LAC,K,15,TEN,0,0,0,0,0,0,0,0
579,Ramiz Ahmed,GB,K,15,LAR,0,0,0,0,0,0,0,0
579,Quinn Nordin,NE,K,15,LV,0,0,0,0,0,0,0,0
579,Taylor Bertolet,LAC,K,15,TEN,0,0,0,0,0,0,0,0
579,Sam Ficken,DET,K,15,NYJ,0,0,0,0,0,0,0,0
579,Tristan Vizcaino,NE,K,15,LV,0,0,0,0,0,0,0,0
579,Caleb Shudak,TEN,K,15,LAC,0,0,0,0,0,0,0,0
579,James McCourt,JAX,K,15,DAL,0,0,0,0,0,0,0,0
579,Caleb Shudak,TEN,K,1,NYG,0,0,0,0,0,0,0,0
579,Aldrick Rosas,DET,K,1,PHI,0,0,0,0,0,0,0,0
579,James McCourt,JAX,K,1,WAS,0,0,0,0,0,0,0,0
579,Ramiz Ahmed,GB,K,1,MIN,0,0,0,0,0,0,0,0
579,Dominik Eberle,DET,K,1,PHI,0,0,0,0,0,0,0,0
579,Taylor Bertolet,CAR,K,1,CLE,0,0,0,0,0,0,0,0
579,Zane Gonzalez,CAR,K,16,DET,0,0,0,0,0,0,0,0
579,Quinn Nordin,NE,K,16,CIN,0,0,0,0,0,0,0,0
579,Dustin Hopkins,LAC,K,16,IND,0,0,0,0,0,0,0,0
579,James McCourt,JAX,K,16,NYJ,0,0,0,0,0,0,0,0
579,Sam Ficken,DET,K,16,CAR,0,0,0,0,0,0,0,0
579,Ramiz Ahmed,GB,K,16,MIA,0,0,0,0,0,0,0,0
579,Taylor Bertolet,LAC,K,16,IND,0,0,0,0,0,0,0,0
579,Tristan Vizcaino,NE,K,16,CIN,0,0,0,0,0,0,0,0
579,Caleb Shudak,TEN,K,16,HOU,0,0,0,0,0,0,0,0
